MaxTemp,MinTemp,AvgDewPoint,AvgWindSpeed,AvgDayPrecip,Class
55.6,45.5,42.96600985,0.474384236,0.009768473,0
60.3,41.5,43.93937282,0.412195122,0.000327526,0
68.4,29.7,25.45888502,0.856759582,0.000001,0
56.8,34.7,12.34457831,0.518915663,0.001204819,0
60.3,38.1,41.62413793,0.115270936,0.009655172,0
61.9,46.8,45.20174216,0.130662021,0.000487805,0
64.2,47.7,47.63867596,1.525783972,0.002160279,0
78.6,38.6,45.47351916,0.341393728,0.000243902,0
82.2,41.9,47.32787456,0.223728223,0.000487805,0
78.6,38.6,45.47351916,0.341393728,0.000243902,0
82.2,41.9,47.32787456,0.223728223,0.000487805,0
96.1,67.5,49.04778325,3.016256158,0.000001,0
95.2,67.1,46.35017422,4.059581882,0.000001,0
95,64.6,43.74773519,3.068641115,0.000001,0
60.7,36.4,37.63076923,0.430769231,0.003076923,0
60.9,38.6,42.46808511,0.276595745,0.002234043,0
95.5,61.9,28.41184669,2.733101045,0.000001,0
94.1,67.5,34.71289199,2.103135889,0.000001,0
95,64.2,37.72229965,2.157142857,0.000001,0
93.9,63.7,36.73484321,3.664111498,0.000001,0
91.2,61.2,34.69930314,3.792334495,0.000001,0
87.8,54.5,32.02055749,3.16445993,0.000001,0
84.6,61.7,28.13855422,2.338554217,0.000001,0
87.6,53.1,28.85123153,2.242857143,0.000001,0
86.9,55.8,26.73867596,2.216376307,0.000001,0
89.1,53.1,28.18710801,2.317421603,0.000001,0
88.9,61.7,30.12264808,2.213937282,0.000001,0
87.4,59.2,32.26585366,3.155400697,0.000001,0
86.4,56.1,28.14065041,3.143089431,0.000001,0
82.4,53.8,32.62614679,2.230733945,0.000001,0
82,50.2,25.51637631,2.31533101,0.000001,0
81,52,27.12404181,2.829268293,0.000001,0
79.2,45.9,30.88954704,2.917073171,0.000591133,0
70.3,39.6,29.01714286,1.806428571,0.000001,0
64,48.9,28.88192771,1.581927711,0.000418118,0
66.4,55.2,55.48078818,0.652216749,0.000418118,0
61.5,53.8,54.25749129,0.803484321,0.000418118,0
68.7,54.7,55.96794425,0.385017422,0.000418118,0
67.8,56.8,57.29721254,0.368292683,0.000001,0
68,55.8,56.41602787,0.331010453,0.000001,0
70,51.1,53.87979094,0.570731707,0.000001,0
70.9,48,53.25958188,0.55087108,0.000001,0
70.3,49.6,55.13240418,0.552264808,0.000001,0
67.5,55.4,56.74355401,0.648432056,0.000001,0
71.8,57.9,57.46062718,0.552961672,0.000607143,0
67.5,58.8,56.86864111,0.353658537,0.000001,0
63.3,57.7,56.79518072,0.363855422,0.000001,0
55.8,45,23.56716418,0,0.011044776,0
51.4,41,23.39622642,0,0.000754717,0
59,42.6,49.04411765,0.324019608,0.002843137,0
97.3,58,54.02547038,1.651567944,0.000001,0
93.8,59.5,49.07174216,2.020905923,0.000001,0
92,55.3,51.79139373,1.362369338,0.000001,0
91.3,65.6,54.2353012,0.542168675,0.000001,0
77.4,66.7,49.64079602,1.60199005,0.000001,0
84.2,63.1,46.3728223,1.724738676,0.000001,0
79.9,59.4,43.9543554,1.825783972,0.000001,0
82.2,55,48.7979021,1.660839161,0.000001,0
88.7,55.9,46.10696864,1.777003484,0.000001,0
86,54.3,49.33867596,1.745644599,0.008432056,0
77.4,56.1,44.2451049,1.643356643,0.000001,0
84.2,58.1,44.09686411,1.87804878,0.000001,0
79.9,53.6,44.5271777,2.024390244,0.000001,0
82.2,54.9,48.25316901,2.038732394,0.000001,0
88.7,57,55.05853659,1.940766551,0.000001,0
86,66.2,53.96024096,1.939759036,0.000001,0
87.4,64.9,57.23054187,21.72364532,0.000001,0
90.1,63.7,59.14634146,20.82055749,0.000001,0
93.6,64.4,56.86167247,22.36271777,0.000001,0
91.9,63.1,56.52578397,22.20278746,0.000001,0
87.6,61.3,56.98013937,18.97839721,0.000001,0
88.7,59.7,56.75853659,18.22857143,0.000001,0
86.9,60.3,56.7630662,17.52229965,0.000001,0
89.2,61.3,55.92369338,16.29965157,0.000001,0
88.3,61.2,56.54285714,17.77421603,0.000001,0
87.3,60.8,55.25087108,16.11843206,0.000001,0
88,61.2,53.35818815,16.62630662,0.000001,0
90.7,60.4,53.97944251,12.14864111,0.000001,0
91.9,69.8,50.85365854,15.09766551,0.000001,0
88.2,62.8,52.27630662,15.10731707,0.000001,0
91.6,64.4,50.50662021,16.15494774,0.000001,0
90.1,62.6,52.85818815,15.80020906,0.000001,0
88.2,59.5,57.02404181,11.83041812,0.000001,0
97,61,57.99651568,9.730174216,0.000001,0
96.3,61.7,55.81811847,13.77926829,0.000001,0
91.8,68.2,55.34947735,13.77233449,0.000001,0
92.1,63.7,54.28083624,8.385783972,0.000001,0
91.4,61,57.01358885,17.71522648,0.000001,0
82.4,63,58.36987952,16.50710843,0.000001,0
88.4,74.7,45.53731343,0.313432836,0.000001,0
85.5,76.8,40.14893617,0.308510638,0.000001,0
83,72.8,45.37634409,0.23655914,0.000001,0
85.7,69.8,43.70526316,0.315789474,0.000001,0
86.4,72.7,42.08421053,0.347368421,0.000001,0
95.3,84.1,33.30851064,2.340425532,0.000001,0
94.1,74.6,33.41052632,1.831578947,0.000001,0
96.3,77.7,26.74736842,3.305263158,0.000001,0
93,80.1,34.07368421,2.263157895,0.000001,0
92.4,77.1,33.70212766,2.287234043,0.000001,0
91.5,73,42.34736842,0.410526316,0.000001,0
89.7,78.8,37.7037037,0.37037037,0.000001,0
75.4,59.2,42.3880597,0.955223881,0.000001,0
73.6,62.7,44.31578947,0.452631579,0.000001,0
70.4,55.4,43.30120482,0.120481928,0.000001,0
82.5,77.1,37.8125,0.875,0.000001,0
77.1,62.7,41.22340426,0.404255319,0.000001,0
80.8,66.8,36.32631579,0.4,0.000001,0
84,69.4,37.96842105,0.263157895,0.000001,0
80.6,67.7,37.89361702,0.29787234,0.000001,0
78.8,61.8,31.88421053,0.210526316,0.000001,0
84.3,63.8,39.70526316,0.694736842,0.000001,0
78.5,69.6,41.53846154,0.884615385,0.000001,0
82.8,53.3,57.07462687,0.865671642,0.000001,0
81.2,55,57.42105263,0.8,0.000001,0
77.7,55.1,56.67368421,0.831578947,0.000001,0
77.4,54.9,55.98947368,0.873684211,0.000001,0
84.2,50.8,54.79787234,0.787234043,0.000001,0
79.9,47.8,55.31578947,0.684210526,0.000001,0
82.2,56.5,56.41052632,0.863157895,0.000001,0
88.7,47.1,53.97894737,0.621052632,0.000001,0
86,50.6,51.98484848,0.454545455,0.000001,0
86.4,50.8,54.75949367,0.46835443,0.000001,0
88.7,55,60.9673913,0.608695652,0.000001,0
87.5,60.4,62.03703704,0.444444444,0.000001,0
77.4,53.8,31.14236453,1.549753695,0.000001,0
84.2,52.3,27.98536585,2.003484321,0.000001,0
79.9,55,29.04216028,1.840766551,0.000001,0
82.2,55.9,27.0087108,3.140069686,0.000001,0
88.7,45.9,25.61602787,2.5728223,0.000001,0
86,50.9,25.94146341,4.254355401,0.000001,0
97.9,49.6,24.61045296,4.381881533,0.000001,0
77.4,47.8,25.77317073,4.791986063,0.000001,0
84.2,50.4,25.15087108,3.947735192,0.000001,0
79.9,50.9,26.78675958,2.235888502,0.000001,0
82.2,50,25.64390244,0.780487805,0.000001,0
88.7,66.7,30.10843373,1.330120482,0.000001,0
86,42.8,25.31428571,1.01182266,0.000001,0
86,41.2,28.72195122,1.517770035,0.000001,0
85.6,38.1,28.41114983,1.188501742,0.000001,0
87.3,37.4,26.70557491,1.789547038,0.000001,0
77.4,42.6,25.928223,2.47804878,0.000001,0
84.2,43.2,21.45505226,0.757839721,0.000001,0
79.9,42.6,23.13414634,0.729965157,0.000001,0
82.2,40.5,22.44041812,1.01533101,0.000001,0
88.7,40.5,19.52811388,0.865836299,0.000001,0
84.2,39.4,20.1887218,0.452631579,0.000001,0
79.9,46,24.83031359,0.8,0.000001,0
66.8,43.2,55.9466899,6.683623693,0.000001,0
66.2,42.6,54.75087108,9.517421603,0.000591133,0
61.2,58.1,51.26724739,14.00836237,0.000418118,0
61.1,40.5,55.16167247,8.294773519,0.000418118,0
64.6,39.4,58.1728223,5.175958188,0.000001,0
65.2,59.9,56.4804878,6.415679443,0.000001,0
65,58.1,56.34216028,5.440766551,0.000001,0
63.4,42.6,55.48501742,8.141463415,0.000001,0
62.6,55.6,54.96445993,8.756445993,0.000001,0
61.7,58.1,56.09616725,11.1271777,0.000001,0
60.7,58,56.16746988,8.968674699,0.000607143,0
86.9,64.9,54.01625616,0.374384236,0.000001,0
88.2,65.5,53.2087108,0.257491289,0.000591133,0
89.1,66.7,48.51824561,0.271578947,0.000418118,0
87.4,66.6,46.76759582,0.343554007,0.000418118,0
87.1,65.7,48.23484321,0.326480836,0.000001,0
86.9,65.7,42.81533101,0.252264808,0.000001,0
82.8,66.6,48.26933798,0.073867596,0.000001,0
89.8,68.4,45.971777,0.222648084,0.000001,0
86.4,67.3,49.82508711,0.223554007,0.000001,0
86,65.7,43.69407666,0.371533101,0.000001,0
85.8,64.6,39.26167247,0.444146341,0.000607143,0
81.9,65.7,36.96506024,0.207349398,0.000001,0
93.2,62.8,34.83823529,2.572058824,0.000001,0
93.2,60.8,36.51149826,2.581881533,0.000001,0
91.6,62.2,34.86408451,3.873239437,0.000001,0
90.3,60.3,30.30034843,2.905226481,0.000001,0
93,64.9,51.42264808,2.663763066,0.000001,0
94.5,67.8,49.1804878,2.26271777,0.000001,0
94.1,67.5,46.68181818,2.475174825,0.000001,0
95.7,64.6,42.17351916,2.6271777,0.000001,0
93.6,63.1,37.09686411,2.379442509,0.000001,0
92.7,60.6,32.36933798,2.554006969,0.000001,0
96.4,59.2,32.2097561,2.014285714,0.000001,0
56.1,45.7,46.00344828,0.08137931,0.025172414,0
64.8,45.1,45.80940767,0.144878049,0.01,0
71.8,44.4,44.2097561,0.660905923,0.000001,0
73.8,43.9,45.86445993,0.292090592,0.000001,0
70.2,44.6,47.36968641,0.816759582,0.000001,0
74.8,0,42.33240418,0.428745645,0.000001,0
78.6,0,45.47351916,0.341393728,0.000243902,0
81.7,41.2,45.82007042,0.354507042,0.000001,0
82.2,41.9,47.32787456,0.223728223,0.000487805,0
93.6,64.4,38.31916376,3.077351916,0.000001,0
91.6,61.9,37.37944251,3.544599303,0.000001,0
88.2,57.9,33.14773519,3.36271777,0.000001,0
83.5,65.5,29.74939759,2.722891566,0.000001,0
86.2,49.6,28.69458128,1.886206897,0.000001,0
87.3,59,27.63333333,2.168390805,0.000591133,0
88.7,54.9,32.1369338,1.989198606,0.000418118,0
88.2,57.2,33.29860627,2.147735192,0.000418118,0
87.4,57.2,34.1358885,3.382229965,0.000001,0
86.7,53.8,29.2543554,2.86445993,0.000001,0
84.7,54.3,34.00034843,2.582229965,0.000001,0
82,48.7,27.9358885,1.995470383,0.000001,0
82.8,55,27.55087108,2.492682927,0.000001,0
79.2,46.2,30.37003484,2.250174216,0.000001,0
71.2,44.1,29.44105263,2.793333333,0.000607143,0
64,52.5,29.56385542,2.226506024,0.000001,0
88.9,39.9,44.69458128,2.42364532,0.000001,0
88,43,46.04494774,2.163763066,0.000001,0
85.6,41.2,43.40905923,2.355400697,0.000001,0
77.2,38.7,43.16807018,2.361403509,0.000001,0
74.3,40.6,44.41881533,2.655052265,0.000001,0
74.8,38.7,47.19303136,1.567944251,0.000001,0
83.3,39.9,47.52682927,1.93728223,0.000001,0
85.8,43.7,49.15365854,2,0.000001,0
89.8,39.9,42.59125874,2.034965035,0.000001,0
94.1,40.1,42.51468531,2.06993007,0.000001,0
93.2,42.1,41.89265734,2.472027972,0.000001,0
95.5,57,36.76219512,2.548780488,0.000001,0
87.8,42.8,38.72118227,1.75862069,0.000001,0
89.2,40.6,38.87964912,1.880701754,0.000001,0
91,38.3,35.07735192,1.68641115,0.000001,0
88.2,39.9,35.32596491,1.684210526,0.000001,0
88.5,35.8,34.24020979,1.493006993,0.000001,0
87.1,36,33.51363636,1.552447552,0.000001,0
84.9,36,31.03832753,2.337979094,0.000001,0
75.6,35.2,34.92404181,2.003484321,0.000001,0
70.2,36.9,33.41301775,2.73964497,0.000001,0
73.8,26.2,30.06561404,1.638596491,0.000001,0
70.9,33.1,28.47578947,2.042105263,0.000001,0
68.9,33.1,17.82650602,1.156626506,0.000001,0
84.9,53.2,48.25714286,2.044334975,0.000001,0
89.8,57.7,46.62508711,1.805923345,0.000001,0
91.2,61.5,44.32926829,2.403484321,0.000001,0
92.8,55,32.7261324,2.453310105,0.000001,0
97.7,59.9,37.93832753,2.359581882,0.000001,0
47.7,35.8,39.68275862,0.374384236,0.009310345,0
55.9,38.3,40.53554007,0.847038328,0.000487805,0
94.1,55.6,48.94982578,2.486759582,0.000001,0
95.5,59.9,42.3522807,1.235789474,0.000001,0
95,57.9,32.50278746,1.407665505,0.000001,0
91,55.8,42.36829268,1.516027875,0.000001,0
86.4,67.8,45.75301205,2.509638554,0.000001,0
52.3,39,39.28494624,1,0.000537634,0
70,32.2,36.75268817,0.992831541,0.000001,0
69,39,39.7173913,0.329710145,0.000001,0
64.9,32.2,37.29490909,0.261818182,0.000001,0
65,28.3,34.73835125,0.379928315,0.000607143,0
75.3,39,38.67419355,0.842293907,0.000001,0
77.4,32.2,41.03992095,2.928853755,0.000001,0
78.3,49,41.78057554,3.068345324,0.000001,0
80.1,42.1,43.40714286,1.971428571,0.003623693,0
79.4,42.4,40.92831541,1.964157706,0.000001,0
76,39,31.41464286,3.553571429,0.000001,0
71.9,32.2,31.44565217,2.130434783,0.000001,0
52.7,40.3,42.6643617,0.213297872,0.001276596,0
69.8,32.5,39.85106383,0.271985816,0.000001,0
68.7,39.4,42.68661972,0.207746479,0.000001,0
64.4,34.5,40.41095406,0.241696113,0.000001,0
65.5,30.7,37.83776224,0.205944056,0.000001,0
75.4,40.8,40.21373239,0.424647887,0.000001,0
77.7,39.9,41.71830986,0.826408451,0.000001,0
78.3,50,40.53508772,0.929824561,0.000001,0
80.2,43.7,42.75865724,0.911660777,0.000001,0
79.3,42.6,40.35602837,0.873758865,0.000001,0
75.7,36.3,30.16,1.387017544,0.000001,0
72,51.6,28.86914894,0.396808511,0.000001,0
91.8,74.3,56.85221675,6.093596059,0.000001,0
94.5,72.7,57.09298246,5.235087719,0.000001,0
96.3,73.6,57.62473868,5.585365854,0.000001,0
99.7,75.2,57.9027972,5.20979021,0.000001,0
99.5,81.1,53.19684211,5.677192982,0.000385965,0
99.5,79.2,54.98216783,4.024475524,0.000001,0
99.9,77.4,54.78732394,3.823943662,0.000001,0
98.1,76.6,52.79303136,3.797909408,0.000001,0
98.4,77.9,55.44491228,3.673684211,0.000001,0
95.7,75,54.55352113,3.11971831,0.000001,0
97.3,77.9,54.39895105,3.167832168,0.000001,0
94.5,80.8,54.0597561,3.536585366,0.000607143,0
85.8,53.1,48.6761194,0.47761194,0.000001,0
85.8,57,53.08,0.494736842,0.000001,0
88.3,56,51.66526316,0.347368421,0.000001,0
84.9,61.8,58.05894737,0.726315789,0.003623693,0
83.5,61,57.73157895,0.536842105,0.000001,0
85.1,60,55.11789474,0.652631579,0.000001,0
84.2,53.7,48.67368421,0.484210526,0.000001,0
85.8,54.3,49.67263158,0.821052632,0.000001,0
85.8,52.1,48.32315789,0.810526316,0.000001,0
88.3,50.7,47.35263158,0.547368421,0.000001,0
84.9,52.1,48.24468085,0.563829787,0.000001,0
83.5,69.5,50.20740741,0.222222222,0.000001,0
85.1,57,50.91940299,0.328358209,0.000001,0
84.2,56,51.66526316,0.347368421,0.000001,0
97.8,61.8,58.05894737,0.726315789,0.000001,0
85.8,61,57.73157895,0.536842105,0.000001,0
85.8,60,55.11789474,0.652631579,0.000001,0
88.3,53.7,48.67368421,0.484210526,0.000001,0
84.9,54.3,49.67263158,0.821052632,0.000001,0
83.5,52.1,48.32315789,0.810526316,0.000001,0
85.1,50.7,47.35263158,0.547368421,0.000001,0
84.2,52.1,48.24468085,0.563829787,0.000001,0
85.8,54.3,49.46842105,0.810526316,0.000001,0
85.8,66.6,51.52222222,1.222222222,0.000001,0
88.3,37.8,28.07980296,1.990147783,0.000001,0
84.9,48,32.80696864,4.386759582,0.000001,0
66,45.5,43.76968641,2.797909408,0.006898955,0
66,37,41.29930314,1.365853659,0.000001,0
84.2,48.9,48.34529617,1.867595819,0.001567944,0
69.6,45.9,49.33763066,1.843205575,0.012891986,0
61.9,46.9,46.63205575,3.170731707,0.004738676,0
58.6,27.9,31.14111498,2.24738676,0.002020906,0
56.7,40.3,42.60940767,5.550522648,0.005609756,0
63,29.5,36.03310105,3.327526132,0.000001,0
63.5,42.3,42.37526132,6.452961672,0.000001,0
84.7,54.9,36.53285714,6.021428571,0.000001,0
78.3,44.1,35.08432056,4.951916376,0.000001,0
79.7,51.4,33.80592334,4.453658537,0.000001,0
82.4,51.8,38.69337979,4.442508711,0.000001,0
78.1,48.7,43.78954704,4.042160279,0.002090592,0
65.1,49.3,46.02160279,3.8271777,0.001881533,0
65.5,37.6,41.98745645,4.312891986,0.000001,0
62.8,41.2,43.09233449,3.443205575,0.006062718,0
58.5,32.9,35.35121951,3.99825784,0.000001,0
65.3,34.7,32.23344948,5.440418118,0.000001,0
63.5,49.1,41.90120482,2.760240964,0.000001,0
61.5,54.3,53.82660099,0.285714286,0.000001,0
66.6,53.7,55.20278746,0.668989547,0.000001,0
68.4,56.5,56.88745645,0.50174216,0.006898955,0
63.6,58.2,56.48181818,0.472027972,0.000001,0
61.9,57,55.51325301,1.578313253,0.001567944,0
89.6,52.5,48.30765306,0.668989547,0.012891986,0
77.4,59.2,53.30487805,0.50174216,0.004738676,0
84.2,64.4,58.21811847,0.472027972,0.002020906,0
79.9,68.2,55.51805556,1.578313253,0.005609756,0
82.2,60.1,44.2334507,0.821052632,0.000001,0
88.7,58.1,49.19721254,0.810526316,0.000001,0
86,55.6,52.35783972,0.547368421,0.000001,0
95.5,58.8,52.29614148,0.563829787,0.000001,0
95.7,62.6,53.43307692,0.222222222,0.000001,0
88.9,54.1,46.27909408,0.328358209,0.000001,0
95,57.9,45.12125436,0.347368421,0.000001,0
94.3,73.2,55.07228916,0.726315789,0.000001,0
77.4,66.7,45.59605911,0.536842105,0.000001,0
84.2,69.6,52.64494774,0.652631579,0.000607143,0
79.9,68.5,55.78989547,0.484210526,0.000001,0
82.2,72.7,58.64982699,0.821052632,0.000001,0
88.7,76.5,59.7184669,0.810526316,0.000001,0
86,72.9,60.94843206,0.547368421,0.003623693,0
84.2,72,62.24912892,0.563829787,0.000001,0
79.9,69.3,59.70452962,0.810526316,0.000001,0
82.2,69.3,57.84006969,0.821052632,0.000001,0
88.7,70.7,57.86167247,0.810526316,0.000001,0
86,73.6,61.34548611,0.547368421,0.000001,0
77.4,82.2,63.11445783,0.563829787,0.000001,0
84.2,62.1,57.22463054,0.222222222,0.000001,0
79.9,59.2,53.73797909,0.328358209,0.000001,0
82.2,57.2,53.77979094,0.347368421,0.000001,0
88.7,59.2,55.72195122,0.726315789,0.000001,0
86,64.6,56.50139373,0.536842105,0.000001,0
88.3,66.9,59.36515679,0.652631579,0.000001,0
84.9,61.9,62.06097561,0.484210526,0.000769231,0
83.5,57.4,57.45226481,0.821052632,0.000001,0
85.1,59,56.13449477,0.810526316,0.000001,0
84.2,54,50.87839721,0.547368421,0.000557491,0
88.3,55,47.71498258,0.563829787,0.00165493,0
84.9,60.6,48.16144578,0.810526316,0.000001,0
85.8,51.3,45.45196078,1.343627451,0.000001,0
96.6,57.6,49.81916376,1.016376307,0.000001,0
77.4,63.5,52.34756098,0.880894309,0.000607143,0
84.2,68.5,50.89305556,1.728125,0.000001,0
79.9,59.9,41.36689895,2.354006969,0.000001,0
82.2,57.2,46.16819788,1.708480565,0.000001,0
88.7,55.6,49.97526132,2.179790941,0.003623693,0
86,58.5,50.57575758,1.964801865,0.000001,0
92.3,64.2,49.88461538,3.746153846,0.000001,0
84.7,53.8,44.34982578,2.716376307,0.000001,0
91.9,57,41.02473868,1.338675958,0.000001,0
91.6,70.9,51.70722892,0.693975904,0.000001,0
99.9,66.4,40.95714286,1.432019704,0.000769231,0
77.4,69.1,48.85470383,1.531010453,0.000001,0
84.2,67.5,51.73658537,1.290592334,0.000001,0
79.9,72.9,55.0716263,0.883737024,0.000557491,0
82.2,77.4,56.82891986,0.967944251,0.00165493,0
88.7,73.6,57.48362369,1.659930314,0.000001,0
86,73.6,59.17979094,1.777003484,0.000001,0
77.4,70,55.96515679,1.722996516,0.000001,0
84.2,69.8,53.07317073,1.35261324,0.000001,0
79.9,70.3,54.13554007,1.14738676,0.000001,0
82.2,72.7,57.36979167,0.743055556,0.000001,0
88.7,84.6,59.09759036,2.528915663,0.000001,0
86,60.1,53.04679803,0.515763547,0.000001,0
98.4,58.8,50.71114983,1.863763066,0.000001,0
83.1,56.8,50.92543554,0.6,0.000001,0
91.8,56.7,52.48292683,0.291986063,0.000001,0
91.2,63.1,53.09233449,0.434146341,0.002195122,0
88.9,66.4,56.8195122,0.744947735,0.002439024,0
81.5,61,59.76689895,0.569686411,0.012508711,0
80.2,57.2,55.25052265,1.603832753,0.000001,0
81.3,58.6,53.27108014,1.754703833,0.000001,0
79.5,51.4,48.49890909,1.016363636,0.000001,0
95.4,54.7,48.35147059,1.002941176,0.000001,0
96.6,49.1,47.36864111,0.519512195,0.000001,0
93,51.1,49.74738676,0.448780488,0.000487805,0
93.7,56.3,49.43546099,0.566666667,0.000001,0
77.4,55.6,48.06035088,0.514385965,0.000001,0
84.2,56.1,50.71811847,0.461324042,0.000001,0
79.9,52.9,46.23867596,0.269337979,0.000001,0
82.2,52.3,45.28536585,0.443205575,0.000001,0
88.7,52.5,47.87038328,0.291637631,0.000001,0
86,51.8,44.40602837,0.566312057,0.000001,0
93.7,52.3,46.95121951,0.345993031,0.000487805,0
77.4,64.2,48.33253012,0.407228916,0.000001,0
84.2,49.1,47.23399015,0.5,0.000001,0
79.9,51.1,49.74738676,0.448780488,0.000001,0
82.2,56.3,49.43546099,0.566666667,0.000001,0
88.7,55.6,48.06035088,0.514385965,0.000001,0
93.7,56.1,50.71811847,0.461324042,0.000001,0
77.4,52.9,46.23867596,0.269337979,0.000001,0
84.2,52.3,45.28536585,0.443205575,0.000001,0
79.9,52.5,47.87038328,0.291637631,0.000001,0
82.2,51.8,44.40602837,0.566312057,0.000001,0
88.7,52.3,46.95121951,0.345993031,0.000001,0
99.9,52,49.06655052,0.401393728,0.000001,0
94.8,62.4,52.21807229,0.206024096,0.000001,0
95.9,60.6,59.2320197,2.650246305,0.000001,0
95.8,59,59.99233449,2.508710801,0.000001,0
93.6,55.2,54.09686411,3.81533101,0.000001,0
95,56.1,53.59860627,2.616724739,0.000001,0
94.7,56.2,53.93426573,2.213286713,0.000001,0
91.1,60,48.70175439,4.178947368,0.000001,0
86.4,50.7,47.83344948,4.923344948,0.000001,0
86.2,52.8,49.53554007,3.571428571,0.000001,0
84.3,56.7,51.50452962,3.6271777,0.000001,0
83.3,50.2,49.60139373,5.512195122,0.000001,0
88.2,51.4,51.68671329,2.765734266,0.000001,0
86.6,63.7,54.62289157,3.469879518,0.000001,0
88.5,52.3,52.27777778,2.474747475,0.000001,0
94,63.7,53.43309859,2.063380282,0.000001,0
96.8,52.2,53.7027972,2.272727273,0.000001,0
98.4,50.5,44.60498221,2.213523132,0.000001,0
103,53.2,48.6584507,1.908450704,0.000001,0
93.7,59,51.74485597,1.9218107,0.000001,0
77.4,64.9,48.36170213,0.776595745,0.000001,0
84.2,75.6,56.50537634,2.075268817,0.000001,0
79.9,56.9,53.93238434,1.106761566,0.000001,0
82.2,63.7,46.43262411,1.329787234,0.000001,0
88.7,52.2,50.76785714,1.25,0.000001,0
90.6,69.3,53.32926829,2.87804878,0.000001,0
78.6,49.8,51.18177083,1.671875,0.000001,0
72.3,47.7,50.64076655,1.67456446,0.000001,0
64.6,47.8,48.85714286,2.229268293,0.000001,0
83.3,48.2,51.34529617,1.693031359,0.000001,0
90.7,55.8,52.16271777,1.144250871,0.000001,0
84,55,54.2174216,1.655400697,0.000001,0
67.1,52.9,54.06538462,2.102447552,0.000001,0
66.6,48,51.73914591,1.955160142,0.000427046,0
65.3,50.5,50.64878049,3.185017422,0.000001,0
76.5,49.5,52.02669039,1.573309609,0.000001,0
76.5,53.8,54.00662021,1.073170732,0.000001,0
68.5,56.8,53.88795181,2.630120482,0.000001,0
82,56.1,57.12463054,1.771921182,0.000001,0
77.5,53.4,56.37770035,1.566898955,0.000001,0
72.9,52.7,54.72369338,1.270731707,0.000001,0
80.1,50.5,54.20801394,1.56271777,0.000001,0
79.5,51.4,55.65191638,1.68641115,0.000001,0
84.6,50.2,55.7,1.622299652,0.000418118,0
88.9,49.6,53.64930556,1.855902778,0.000416667,0
81.9,50.4,51.95087108,2.298954704,0.000001,0
81.7,55.2,54.20753968,1.924603175,0.000001,0
78.8,55.6,56.65052265,1.81533101,0.000001,0
78.8,52.2,55.09477352,1.58466899,0.000001,0
71.2,53.2,53.68795181,0.814457831,0.000001,0
74.5,48.4,52.25418719,2.442857143,0.000591133,0
82.6,48,51.16550523,1.928919861,0.000001,0
74.8,59.4,50.47247387,1.86097561,0.000001,0
77.9,48.4,51.12334495,1.953310105,0.000001,0
80.4,50.2,48.7015873,1.823015873,0.000001,0
73.2,46.6,49.16829268,1.954355401,0.000001,0
84.9,47.8,53.63972125,1.452961672,0.000418118,0
89.2,50.2,55.18606272,1.334494774,0.000001,0
85.5,50.2,51.99233449,1.810452962,0.000001,0
79.5,60.1,53.87351916,2.039721254,0.000001,0
86.2,53.6,54.52508711,1.875958188,0.000001,0
75.4,52.7,53.08,1.856363636,0.000001,0
78.6,47.1,53.28571429,1.681280788,0.000591133,0
73.2,46.9,52.60836237,1.524738676,0.000418118,0
66,50.5,52.96202091,1.31533101,0.000418118,0
66.9,56.5,56.04146341,1.638675958,0.000001,0
69.6,54.9,53.96724739,1.502439024,0.000001,0
70.9,52.5,54.23623693,1.47804878,0.000001,0
79.9,50,53.89365079,0.828174603,0.000001,0
77.5,48.2,51.78710801,1.796515679,0.000001,0
67.1,51.6,53.74808362,2.413240418,0.000001,0
65.7,53.1,54.50714286,1.166428571,0.000607143,0
69.6,54,54.58571429,1.758188153,0.000001,0
66.7,57.7,56.08433735,2.186746988,0.000001,0
67.1,50.9,51.87783251,1.378817734,0.000001,0
59.2,54.5,53.80487805,2.043554007,0.003623693,0
73.2,55.4,57.09965157,1.73902439,0.002125436,0
73.9,54.7,54.56759582,0.802439024,3.48E-05,0
74.8,57.4,59.2195122,0.951916376,0.051811847,0
71.8,58.1,59.42439024,1.630313589,0.000836237,0
61.9,55.9,56.86809339,1.789494163,0.000933852,0
72,48.6,51.26968641,0.99825784,0.000383275,0
67.1,53.8,53.81637631,2.270034843,0.000001,0
81.5,54.1,48.43832753,1.626480836,0.000001,0
81.1,60.3,47.64216028,1.28641115,0.000001,0
75,39.6,38.75204082,0.681122449,0.000001,0
82.6,40.1,37.32842105,2.301754386,0.000001,0
86.7,42.6,36.01048951,1.903496503,0.000001,0
85.3,44.4,39.88083624,1.735191638,0.000001,0
91.2,41,36.81914894,1.286170213,0.000001,0
93.9,45.5,32.77421603,1.470383275,0.000001,0
89.8,47.7,36.85121951,2.033797909,0.000001,0
86.9,49.3,42.47317073,1.703484321,0.000001,0
90.9,43,30.80801394,1.62195122,0.000001,0
55.6,45.5,42.96600985,0.474384236,0.009768473,0
60.3,41.5,43.93937282,0.412195122,0.000327526,0
93.7,70.2,44.6975,0.606,0.000001,0
77.4,72.3,45.63170732,0.73728223,0.000001,0
84.2,70.7,48.09861111,1.213888889,0.000001,0
79.9,70.2,48.5738676,1.768641115,0.000001,0
82.2,68.2,52.56655052,2.215679443,0.000001,0
88.7,67.5,54.79337979,0.656445993,0.000487805,0
93.7,68.5,47.19686411,1.238675958,0.000001,0
77.4,70.3,44.73623693,1.031707317,0.000001,0
84.2,71.6,44.46167247,0.837979094,0.000001,0
79.9,67.6,41.94912892,1.422648084,0.000001,0
82.2,64,41.09581882,1.028571429,0.000001,0
88.7,77.2,39.61084337,0.73373494,0.000001,0
93.7,67.6,41.98423645,1.244827586,0.000001,0
77.4,64,41.09581882,1.028571429,0.000001,0
84.2,67.1,42.10069686,0.577003484,0.000001,0
79.9,68,41.55958188,0.445644599,0.000001,0
82.2,68.2,35.90313589,0.639372822,0.000001,0
88.7,75,45.41637631,0.472125436,0.000001,0
98.8,71.2,52.49721254,0.598606272,0.000001,0
98.4,65.1,55.52648084,0.866550523,0.000001,0
93.7,67.3,49.69790941,0.347735192,0.000001,0
77.4,62.2,35.90905923,0.25261324,0.000001,0
84.2,58.1,28.67979094,0.951219512,0.000001,0
79.9,71.6,28.06987952,0.354216867,0.000001,0
82.2,56.8,50.42772277,0.915841584,0.000001,0
88.7,62.2,55.625,0.919014085,0.000001,0
93.7,60.1,52.79965157,0.961672474,0.000001,0
77.4,61.2,52.78074074,0.92962963,0.000001,0
84.2,62.1,50.08587571,0.723163842,0.000001,0
79.9,56.3,49.22307692,0.657342657,0.000001,0
82.2,55.2,47.49335664,0.888111888,0.000001,0
88.7,65.5,43.85925926,0.728395062,0.000001,0
92.1,55.9,37.45522388,2.208955224,0.000001,0
89.6,47.7,43.6041958,0.951048951,0.000001,0
86.2,48.4,45.3,1.265957447,0.000001,0
87.1,47.5,40.36132404,0.818815331,0.000001,0
92.7,51.1,39.54494774,1.282229965,0.000001,0
97.5,62.1,36.94911032,1.992882562,0.000001,0
95.7,52.3,36.04894366,0.975352113,0.010457746,0
96.6,60.1,38.4951049,1.447552448,0.000001,0
92.1,47.7,35.62068966,0.301724138,0.000001,0
90.9,68,40.88311688,1.961038961,0.000001,0
86.5,60.4,34.55853659,0.56097561,0.000001,0
55.6,41.2,44.60492611,1.304926108,0.023842365,0
58.5,43,44.37142857,1.219512195,0.000174216,0
77.4,55.8,43.87560976,0,0.000001,0
84.2,55.4,43.84947735,0,0.000001,0
79.9,56.2,41.55087108,0,0.000001,0
82.2,54,34.58432056,0,0.000001,0
88.7,49.7,30.40940767,0,0.000001,0
99.7,47.5,29.33170732,0,0.000001,0
98.1,49.7,22.30628571,0,0.000001,0
95.4,47.5,31.15531915,0,0.000001,0
94.3,52.6,19.35652174,0,0.000001,0
93.6,63.2,-2.976923077,0.821052632,0.000001,0
85.3,47.5,30.84827586,0.810526316,0.000001,0
87.3,43.9,34.75121951,0.547368421,0.000001,0
82.4,42.3,37.44685315,0.563829787,0.000001,0
81.5,44.5,32.9815331,0.222222222,0.000001,0
86,45.4,30.32857143,0.328358209,0.000001,0
90,46.4,27.52264808,0.347368421,0.000001,0
91.8,46.4,25.79477352,0.726315789,0.000001,0
91.8,47,28.55714286,0.536842105,0.000001,0
90.9,44.1,26.54320557,0.652631579,0.000001,0
89.3,41.2,26.25052265,0.484210526,0.000001,0
88.2,42.1,23.56725352,0.821052632,0.000001,0
86.2,58.3,24.25060241,0.810526316,0.000001,0
61.7,55.8,52.7079602,0.547368421,0.000696517,0
59.5,55.9,52.76515679,0.563829787,0.000001,0
63.1,52.3,50.38675958,0.810526316,0.000001,0
64.9,54.1,50.1533101,2.38815331,0.000001,0
66.9,54.7,50.67142857,1.328571429,0.000001,0
72.3,58.3,63.55156794,0.873170732,0.000001,0
74.7,58.8,62.29372822,0.853310105,0.002439024,0
64.6,53.2,52.91567944,1.732404181,0.000001,0
62.2,54.9,49.41637631,1.879094077,0.000001,0
64.6,52,50.8369338,1.544599303,0.000001,0
73.4,56.1,53.79784946,1.098924731,0.000001,0
73.4,57.9,53.51794872,1.671794872,0.000001,0
66,59.2,57.74876847,1.186206897,0.000001,0
68.7,60.3,60.8815331,1.454703833,0.000001,0
68.2,61.3,60.55749129,1.559930314,0.000001,0
63.3,59.2,55.54599303,1.349477352,0.000001,0
69.6,59.4,60.10992908,1.157092199,0.000001,0
75.9,61,64.47351916,0.88641115,0.000243902,0
79.9,60.6,66.53194444,1.140972222,0.000486111,0
86.2,59.4,67.75714286,1.572473868,0.000001,0
82.2,65.3,67.21299639,1.306137184,0.000001,0
67.8,63.9,60.17073171,1.824041812,0.000001,0
65.8,59.9,56.6701107,2.973431734,0.000001,0
62.2,59.5,56.96176471,2.826470588,0.000001,0
66.2,56.5,56.65665025,1.37044335,0.000001,0
66.4,55.8,56.87839721,1.981881533,0.000001,0
68,57,53.93643411,2.954263566,0.000542636,0
70.3,53.8,54.85393258,2.261797753,0.000001,0
66.6,56.5,54.99268293,1.399512195,0.000001,0
65.7,52.5,53.96042553,1.456595745,0.000595745,0
66.6,55,59.08465909,0.593181818,0.000001,0
72.3,59,62.39409091,0.931363636,0.000001,0
73.8,59.4,60.45411255,3.061904762,0.000606061,0
81,59.5,62.66492537,1.802985075,0.000001,0
71.6,62.1,65.32820513,1.370512821,0.000001,0
85.3,67.8,71.98226601,0.572906404,0.000689655,0
87.8,64.8,77.15818815,1.113240418,0.000001,0
84.4,61,66.82437811,0.632338308,0.000696517,0
62.8,54.9,56.80801394,0.479094077,0.000001,0
59.9,50.9,47.22477477,0.607657658,0.000001,0
57.9,48.4,47.25261324,0.715679443,0.000001,0
61.9,48,54.48896797,0.877224199,0.000001,0
63.5,55.6,56.10348432,1.043205575,0.000001,0
61.7,56.7,56.86585366,1.367595819,0.000001,0
70.2,58.3,62.14326241,0.421631206,0.000992908,0
71.6,61.7,58.97943262,0.676595745,0.000001,0
64.9,62.6,61.09638554,0.861445783,0.000001,0
67.5,60.4,59.56009852,0.785221675,0.000001,0
65.3,60.4,57.76620209,1.370731707,0.000001,0
71.4,61.5,59.89651568,1.452264808,0.000001,0
73.8,60.4,59.7087108,0.697560976,0.000001,0
75.4,61.3,63.49825784,1.630662021,0.047073171,0
72.5,63.3,64.10604982,0.974377224,0.000498221,0
71.2,63.7,65.4195122,0.747038328,0.000487805,0
66.2,54.1,53.24912892,1.592682927,0.000487805,0
69.1,59,54.24742647,4.340808824,0.000001,0
78.4,64.6,42.97304965,4.182624113,0.000001,0
80.6,59.9,45.11080139,1.349477352,0.000001,0
64.6,58.3,58.11445783,1.618072289,0.000487805,0
94.3,57,59.96108374,0.003940887,0.000487805,0
91.4,56.7,61.95052265,0.01184669,0.000001,0
91.4,55.9,60.32961672,0,0.000001,0
90.5,53.6,58.47839721,0.006202091,0.000001,0
93.4,51.8,56.08885017,0.000766551,0.000001,0
89.6,53.6,55.90915493,0.005492958,0.000001,0
87.6,53.4,56.77665505,0,0.000001,0
96.6,50.4,51.80557491,0.006202091,0.000001,0
94.3,53.6,54.27421603,0.000766551,0.000001,0
93.7,57.6,61.66829268,0.005492958,0.000001,0
77.4,59.9,64.58107143,0,0.000001,0
84.2,68,65.2060241,0,0.000001,0
79.9,76.3,40.17339901,3.745812808,0.000001,0
82.2,77.2,36.74494774,3.559233449,0.000001,0
88.7,75,35.97979094,3.99825784,0.000001,0
95.9,75,37.44773519,3.328222997,0.000001,0
94.3,76.5,37.7554007,3.56445993,0.000001,0
91.9,71.6,34.54634146,4.568292683,0.000001,0
95,72.1,35.05818815,4.463414634,0.000001,0
93.2,73.4,35.04390244,4.504878049,0.000001,0
89.6,64.8,30.04250871,4.473867596,0.000001,0
91.6,65.1,28.19094077,4.370034843,0.000001,0
97,66.7,31.47038328,3.862369338,0.000001,0
95.4,73.9,30.32650602,1.403614458,0.000001,0
72,45.3,39.23103448,5.107389163,0.000001,0
75.4,48.9,45.57038328,3.670034843,0.000001,0
79.9,56.5,39.94285714,4.962020906,0.000001,0
76.3,58.8,43.11498258,4.603832753,0.000001,0
71.4,52.9,46.78989547,6.157491289,0.001707317,0
65.1,50,52.32473868,2.897212544,0.00195122,0
74.7,49.5,46.54773519,3.151916376,0.000001,0
72.7,51.4,42.73066202,4.416724739,0.000001,0
71.4,50.9,34.00522648,5.945296167,0.000001,0
76.6,52.7,22.04076655,4.247735192,0.000001,0
76.8,55.8,32.31602787,2.629268293,0.000001,0
72.3,54,43.61566265,3.953012048,0.000001,0
94.4,53,49.70243902,1.723902439,0.000001,0
95.3,64,48.08013937,1.248780488,0.000001,0
99.5,59.9,56.20209059,1.78641115,0.000001,0
93.7,56.8,57.59581882,1.882578397,0.000001,0
77.4,52.7,54.04529617,1.516376307,0.000001,0
84.2,50.5,49.00348432,1.537630662,0.000001,0
79.9,56.5,53.8815331,1.448432056,0.000001,0
82.2,54.6,54.87847222,1.548958333,0.000001,0
88.7,50.7,48.63414634,1.830662021,0.000001,0
94.4,58.2,52.09756098,2.098606272,0.000001,0
96.6,59.5,56.20209059,1.773867596,0.000001,0
93.7,68.6,55.6746988,1.186746988,0.000001,0
85.2,48.1,50.98522167,1.373399015,0.000001,0
89.5,49.1,52.56445993,1.597560976,0.000001,0
95.3,48.2,52.3480663,2.327624309,0.000001,0
97.6,49.1,50.26829268,1.347735192,0.000001,0
96.2,48.2,51.46341463,1.405226481,0.000001,0
94.7,47.4,51.16027875,1.335888502,0.000001,0
92.6,47,48.28919861,1.649825784,0.000001,0
93.8,44.3,48.2195122,1.560278746,0.000001,0
97.5,48.3,49.66898955,1.358885017,0.000001,0
96.6,47.3,44.69337979,1.995818815,0.000001,0
96.5,47.3,41.85714286,1.541463415,0.000001,0
94.5,54.5,43.31325301,1.478313253,0.000001,0
74.3,55,42.25784314,1.828431373,0.000001,0
93.7,54.9,45.30918728,2.015194346,0.000001,0
77.4,64.2,45.7456446,1.636585366,0.000001,0
84.2,63,53.60034843,0.766898955,0.000001,0
79.9,64.4,44.25555556,1.882291667,0.000001,0
82.2,60.8,41.23556338,1.872183099,0.000001,0
88.7,57.6,50.42648084,0.61184669,0.000001,0
88.5,60.6,52.06829268,1.529965157,0.000001,0
93,56.7,45.44617169,1.323897912,0.000001,0
92.3,63.7,43.82923077,3.835,0.000001,0
81.1,52.2,33.94599303,3.080139373,0.000001,0
82,69.4,40.17590361,1.889156627,0.000001,0
72.8,63.7,42.65172414,2.261083744,0.000001,0
87.8,52.2,46.75625,1.270833333,0.000001,0
93.7,61.2,46.20731707,1.108013937,0.000001,0
77.4,59.6,54.19721254,0.930313589,0.000001,0
84.2,61.1,44.26388889,1.697916667,0.000001,0
79.9,53.3,42.09965157,1.362369338,0.000001,0
82.2,55.2,51.41463415,0.668989547,0.000001,0
88.7,59.5,52.02648084,1.512195122,0.000001,0
91.7,53.7,44.86780186,2.366099071,0.000001,0
88.7,62.9,44.18850174,4.662020906,0.000001,0
81.2,48.7,34.75818815,2.334494774,0.000001,0
81.9,68.8,39.8313253,1.542168675,0.000001,0
73,56.8,56.04433498,3.798029557,0.000001,0
69.8,54.1,54.88741259,3.940559441,0.000001,0
66.2,54,54.06259843,4.429133858,0.000001,0
64.6,55.4,54.1261324,5.466898955,0.000001,0
67.4,55,54.31777003,3.818815331,0.000001,0
70.7,60.6,57.39094077,1.881533101,0.000001,0
71.1,57.9,55.35783972,2.076655052,0.000001,0
69.6,57.9,55.36550523,1.783972125,0.000001,0
69.3,55.5,54.83066202,3.637630662,0.000001,0
68.4,55.6,53.90069686,4.358885017,0.000001,0
69.5,55.9,55.31986063,4.421602787,0.000001,0
65.7,57.9,54.89036145,3.963855422,0.000001,0
93.7,64.9,59.25123153,1.963546798,0.000001,0
77.4,61.9,56.95191638,4.383972125,0.000001,0
84.2,59,55.54982578,4.395818815,0.000001,0
79.9,55.8,55.41149826,4.556097561,0.000001,0
82.2,53.8,52.71881533,4.986759582,0.000001,0
88.7,57.2,56.67839721,2.78466899,0.000001,0
94.6,59.9,57.88641115,2.18989547,0.000001,0
96.6,59,57.95492958,3.850704225,0.000001,0
97,55.9,54.43972125,3.058536585,0.000001,0
99.9,62.8,55.73519164,1.46271777,0.000001,0
93.7,66.4,60.19616725,2.82195122,0.000001,0
77.4,79.9,61.96746988,1.622891566,0.000001,0
84.2,62.2,56.43891626,3.024137931,0.000001,0
79.9,61.2,56.78362369,2.268292683,0.000001,0
82.2,63.9,59.76933798,0.848432056,0.000001,0
88.7,63.1,55.51010453,3.041114983,0.000001,0
98.4,61.5,58.76202091,0.660627178,0.000001,0
98.1,65.7,56.34738676,1.459930314,0.000001,0
95.7,62.6,59.36655052,2.022648084,0.000001,0
93.7,63.9,61.30592334,0.817421603,0.000001,0
77.4,65.1,60.46655052,1.206968641,0.000001,0
84.2,71.2,59.09547038,3.666898955,0.000001,0
79.9,66.9,54.67073171,3.787108014,0.000001,0
82.2,74.7,55.95060241,4.256626506,0.000001,0
88.7,59.7,57.6862069,2.441871921,0.000001,0
97,60.1,59.19477352,3.234146341,0.001707317,0
94.8,61.3,58.11637631,2.708013937,0.00195122,0
94.5,56.3,55.96236934,3.331358885,0.000001,0
93.7,57,58.37526132,0.864111498,0.000001,0
77.4,61.7,55.95087108,2.209059233,0.000001,0
84.2,59.7,54.15993031,1.345993031,0.000001,0
79.9,59.7,53.75156794,1.61358885,0.000001,0
82.2,61.5,55.38885017,2.042857143,0.000001,0
88.7,57.2,50.1825784,3.981184669,0.000001,0
82.8,60.1,52.67491289,4.287804878,0.000001,0
86.4,51.8,33.18222997,6.540069686,0.002299652,0
75.9,52.7,36.35749129,7.432055749,0.000001,0
73.2,48.4,34.13484321,4.139372822,0.000001,0
80.1,49.5,37.31637631,3.857142857,0.000001,0
78.8,45.3,44.98601399,3.006993007,0.00034965,0
67.5,49.6,46.84195804,4.423076923,0.003951049,0
69.8,35.4,41.9212766,1.638297872,0.00141844,0
68.2,42.1,41.68566434,4.094405594,0.002727273,0
68,29.8,33.22996516,2.588850174,0.000001,0
74.3,30.7,30.12682927,1.470383275,0.000001,0
68.9,51.1,41.50843373,0.891566265,0.000001,0
98.8,55.5,59.00518135,3.419689119,0.000001,0
95.1,63.7,53.66798419,3.612648221,0.000001,0
92.8,52.2,52.77559055,4.578740157,0.000001,0
92.3,52.3,53.42910448,4.380597015,0.000001,0
93.7,54.2,55.04059041,3.6900369,0.000001,0
77.4,64.4,55.50553506,4.346863469,0.000001,0
84.2,63,59.6614786,3.642023346,0.000001,0
79.9,56.3,59.96774194,4.301075269,0.000001,0
82.2,55.9,58.95985401,3.598540146,0.000001,0
88.7,54.2,56.73357664,3.631386861,0.000001,0
94.3,53.2,57.3057554,4,0.000001,0
93,68.4,58.12328767,4.383561644,0.065205479,0
96.4,56.3,57.46192893,3.350253807,0.000001,0
92.3,57.2,56.6121673,5.285171103,0.000001,0
87.3,54,57.36666667,4.337037037,0.000001,0
94.4,56.7,59.01845018,4.391143911,0.000001,0
98.8,58.8,60.56617647,3.746323529,0.000001,0
99.3,55.1,54.7810219,3.266423358,0.000001,0
99.8,53.8,55.34444444,2.955555556,0.000001,0
97.5,53.5,58.05243446,3.104868914,0.000001,0
91.5,54.9,57.59469697,4.931818182,0.000001,0
89.2,52.6,58.14388489,4.31294964,0.000001,0
85.3,52.2,57.71747212,4.12267658,0.000001,0
83.5,58.8,57.28947368,5.710526316,0.000001,0
82.4,36,28.26945813,0.606403941,0.000001,0
85.8,35.1,30.64006969,0.465505226,0.000001,0
84.6,40.6,36.52857143,0.428571429,0.000001,0
89.8,39.2,35.12055749,0.504878049,0.002299652,0
88.3,42.1,40.72682927,0.826829268,0.000001,0
86.4,41.5,32.38846154,0.875874126,0.000001,0
84.4,36.9,29.19512195,0.865853659,0.000001,0
78.8,43.5,30.39303136,1.196515679,0.00034965,0
79.9,38.7,39.66202091,0.420905923,0.003951049,0
80.8,39.9,40.09268293,0.602090592,0.00141844,0
89.2,38.5,33.32996516,0.424738676,0.002727273,0
88,54.9,42.4626506,0.278313253,0.000001,0
79.3,43,30.0817734,1.277832512,0.000001,0
81.7,50.5,34.34250871,0.868641115,0.000001,0
86,47.5,38.97421603,0.962020906,0.000001,0
86.5,47.1,35.7554007,1.022299652,0.000001,0
86.5,46.4,31.82439024,0.791289199,0.000001,0
86,41.4,33.9630662,0.545993031,0.000001,0
88.5,42.1,40.97944251,0.509059233,0.000001,0
92.3,46.2,43.75259516,0.432179931,0.000001,0
87.3,51.6,49.04111498,0.299303136,0.000001,0
89.6,51.1,50.38850174,0.374216028,0.000001,0
88.7,55.4,52.47560976,0.529616725,0.000001,0
85.1,57.7,49.97951807,0.443373494,0.000001,0
81.7,50.5,36.05566502,0.808374384,0.000001,0
86,47.5,38.97421603,0.962020906,0.000001,0
86.5,47.1,35.7554007,1.022299652,0.000001,0
86.5,46.4,31.82439024,0.791289199,0.000001,0
86,41.4,33.9630662,0.545993031,0.000001,0
88.5,42.1,40.97944251,0.509059233,0.000001,0
92.3,46.2,43.75259516,0.432179931,0.000001,0
87.3,51.6,49.04111498,0.299303136,0.000001,0
89.6,51.1,50.38850174,0.374216028,0.000001,0
88.7,55.4,52.47560976,0.529616725,0.000001,0
88.7,48.9,43.99372822,0.48815331,0.000001,0
87.1,55.4,40.0686747,0.230120482,0.000001,0
77.5,41.4,36.95960591,7.205418719,0.000001,0
76.6,47.5,46.59198606,7.182578397,0.000001,0
78.4,44.2,42.05644599,2.216027875,0.000001,0
84,44.4,40.55818815,5.551916376,0.002299652,0
83.3,46,44.54020979,3.458391608,0.000001,0
76.8,45.9,45.02404181,4.679790941,0.000001,0
79.5,45.7,42.76271777,4.758885017,0.000001,0
84.2,44.8,41.97247387,4.157142857,0.00034965,0
84.4,48.2,41.75644599,4.299303136,0.003951049,0
85.5,47.8,45.08327526,3.621602787,0.00141844,0
86.7,46.6,33.94947735,5.844599303,0.002727273,0
85.1,61.9,36.63855422,6.971084337,0.000001,0
89.8,53.9,53.7049505,1.227722772,0.000001,0
92.5,60.6,55.33496503,1,0.000001,0
89.6,57.8,57.59370629,1.853146853,0.000001,0
82.5,58,56.81678322,2.335664336,0.000001,0
86.7,54.9,55.34965035,1.51048951,0.000001,0
88.8,54.7,55.93098592,2.091549296,0.000001,0
90.5,54.7,56.46713287,1.671328671,0.000001,0
90.6,53.5,54.9048951,1.671328671,0.000001,0
89.3,53.8,55.03768116,1.289855072,0.000001,0
86.7,57.5,56.23426573,1.363636364,0.000001,0
85.9,59.3,57.15454545,2.006993007,0.000001,0
81.5,59.5,55.47317073,3.170731707,0.000001,0
81.1,58.6,56.4980198,0.821782178,0.000001,0
89.2,52,54.94265734,1.013986014,0.000001,0
87.1,47.6,52.88251748,1.132867133,0.000001,0
91.3,48.8,52.56153846,0.979020979,0.000001,0
83.2,54.4,54.17132867,1.517482517,0.000001,0
82.2,53,54.13986014,1.237762238,0.000001,0
79.4,52.3,53.23076923,1.090909091,0.000001,0
82.4,53.3,53.11608392,1.293706294,0.000001,0
91.5,45.5,51.2972028,1.06993007,0.000001,0
96,45.2,50.56433566,0.825174825,0.000001,0
95.2,47.1,49.17902098,0.783216783,0.000001,0
89.6,54.5,50.3,1.317073171,0.000001,0
89.9,82.2,57.42,3,0.000001,0
93.7,59.5,55.76202091,3.233449477,0.000001,0
77.4,76.3,54.21971831,5.007042254,0.000001,0
84.2,63.3,59.34634146,2.599303136,0.000001,0
79.9,58.8,59.32526316,3.21754386,0.000001,0
82.2,57.9,58.18362369,2.993031359,0.000001,0
88.7,56.5,55.1445993,3.662020906,0.000001,0
90.2,52.5,53.77570423,2.647887324,0.000001,0
93.7,64.6,57.69681979,1.989399293,0.000001,0
77.4,62.9,58.34310954,1.989399293,0.000001,0
84.2,70.6,55.4597561,2.195121951,0.000001,0
79.9,63.3,59.96453202,2.285714286,0.000001,0
82.2,58.8,59.32526316,3.21754386,0.000001,0
88.7,57.9,58.18362369,2.993031359,0.000001,0
86,56.5,55.1445993,3.662020906,0.000001,0
90.2,52.5,53.77570423,2.647887324,0.000001,0
92.9,64.6,57.69681979,1.989399293,0.000001,0
96.9,62.9,58.34310954,1.989399293,0.000001,0
97.7,58.2,55.66013986,2.72027972,0.000001,0
98,57.3,55.88652482,2.691489362,0.000001,0
98.9,64.7,55.17614035,2.519298246,0.000001,0
99.4,58.9,58.08262411,2.375886525,0.000001,0
99.3,70.8,55.11923077,2.628205128,0.000001,0
87.8,57.9,56.91034483,2.990147783,0.000001,0
86,56.5,55.1445993,3.662020906,0.000001,0
90.2,52.5,53.77570423,2.647887324,0.000001,0
92.9,64.6,57.69681979,1.989399293,0.000001,0
96.9,62.9,58.34310954,1.989399293,0.000001,0
97.7,58.2,55.66013986,2.72027972,0.000001,0
98,57.3,55.88652482,2.691489362,0.000001,0
56.1,45.7,46.00344828,0.08137931,0.025172414,0
64.8,45.1,45.80940767,0.144878049,0.01,0
99.3,61.2,57.72254545,2.36,0.000001,0
96.9,68.5,57.83658537,2.581881533,0.000001,0
97.7,75.8,60.06987952,1.686746988,0.000001,0
76,52.4,52.26945813,3.827586207,0.000001,0
81.5,58.8,55.47754386,2.249122807,0.000001,0
81.1,60.1,54.39684211,1.740350877,0.000001,0
82.6,62.3,58.93881119,2.888111888,0.001818182,0
83.1,62.4,61.93146853,2.129370629,0.000001,0
81.6,59.6,58.82375887,3.780141844,0.000001,0
72.3,66,57.63783784,4.243243243,0.000001,0
81.7,58.1,53.57945205,4.205479452,0.000001,0
63.2,50,52.8,0,0.000001,0
64.1,52.5,54.70652174,0,0.000001,0
60.1,52.4,29.90425532,0,0.000001,0
69.6,58.8,21.29347826,0,0.000001,0
64.8,60.1,52.36956522,0,0.001304348,0
61.3,62.3,52.17204301,0,0.001290323,0
64.7,62.4,45.35789474,0,0.000001,0
64.5,59.6,46.75,0,0.002299652,0
68.8,52.4,42.73404255,0.074468085,0.000001,0
71.3,52.4,39.30107527,0.075268817,0.000001,0
70.2,61.4,53.72043011,0,0.000001,0
61.5,50.3,52,0,0.00034965,0
90.5,41.7,29.35566502,3.054187192,0.003951049,0
87.1,49.3,35.69821429,6.860714286,0.00141844,0
77.9,43,35.0193662,5.690140845,0.002727273,0
77.5,49.6,31.79195804,3.311188811,0.000001,0
80.1,46.4,38.98391608,3.48951049,0.001923077,0
76.5,43.5,44.89686411,3.327526132,0.000001,0
59.7,49.5,45.08780488,6.243902439,0.000001,0
61.3,31.8,39.71264368,2.649425287,0.000574713,0
60.4,40.3,42.68975265,6.053003534,0.00614841,0
61.2,36.9,35.18479263,6.884792627,0.004562212,0
68.4,28.2,30.97665505,2.135888502,0.000001,0
67.1,50.4,39.93493976,3.048192771,0.000001,0
77.2,37.8,28.60394089,1.519211823,0.000001,0
78.4,41.4,39.18745645,10.55226481,0.000001,0
82.2,44.8,27.76027875,6.563414634,0.000001,0
86.9,43,24.06363636,2.338811189,0.000001,0
83.8,56.8,35.58745645,0.921602787,0.000001,0
74.1,53.6,48.05650246,1.443349754,0.003497537,0
68,51.5,53.02334495,0.209059233,0.007804878,0
65.8,49.5,51.79801394,0.226480836,0.001777003,0
75.9,52.3,55.01243902,0.317073171,0.001254355,0
74.3,49.1,54.32466899,0.634146341,0.000001,0
71.6,48.1,42.56926829,1.045296167,0.000001,0
63.5,37.3,41.66620209,0.578397213,0.00456446,0
66.8,49.9,50.10574913,0.885017422,0.009790941,0
69.2,38.6,41.6030662,1.212543554,0.000001,0
70.3,51.7,50.02703833,1.226480836,0.000001,0
72.1,53.3,50.43818815,0.825783972,0.000001,0
85.1,37.8,28.07980296,1.990147783,0.000001,0
82.9,48,32.80696864,4.386759582,0.000001,0
66,45.5,43.76968641,2.797909408,0.006898955,0
66,37,41.29930314,1.365853659,0.000001,0
65.1,48.9,48.34529617,1.867595819,0.001567944,0
69.6,45.9,49.33763066,1.843205575,0.012891986,0
61.9,46.9,46.63205575,3.170731707,0.004738676,0
58.6,27.9,31.14111498,2.24738676,0.002020906,0
56.7,40.3,42.60940767,5.550522648,0.005609756,0
63,29.5,36.03310105,3.327526132,0.000001,0
63.5,42.3,42.37526132,6.452961672,0.000001,0
84.7,54.9,36.53285714,6.021428571,0.000001,0
78.3,44.1,35.08432056,4.951916376,0.000001,0
79.7,51.4,33.80592334,4.453658537,0.000001,0
82.4,51.8,38.69337979,4.442508711,0.000001,0
78.1,48.7,43.78954704,4.042160279,0.002090592,0
65.1,49.3,46.02160279,3.8271777,0.001881533,0
65.5,37.6,41.98745645,4.312891986,0.000001,0
62.8,41.2,43.09233449,3.443205575,0.006062718,0
58.5,32.9,35.35121951,3.99825784,0.000001,0
65.3,34.7,32.23344948,5.440418118,0.000001,0
63.5,49.1,41.90120482,2.760240964,0.000001,0
61.5,54.3,53.82660099,0.285714286,0.000001,0
66.6,53.7,55.20278746,0.668989547,0.000001,0
68.4,56.5,56.88745645,0.50174216,0.006898955,0
63.6,58.2,56.48181818,0.472027972,0.000001,0
61.9,57,55.51325301,1.578313253,0.001567944,0
89.6,52.5,48.30765306,0.668989547,0.012891986,0
93.7,59.2,53.30487805,0.50174216,0.004738676,0
77.4,64.4,58.21811847,0.472027972,0.002020906,0
84.2,68.2,55.51805556,1.578313253,0.005609756,0
79.9,60.1,44.2334507,0.821052632,0.000001,0
82.2,58.1,49.19721254,0.810526316,0.000001,0
88.7,55.6,52.35783972,0.547368421,0.000001,0
95.5,58.8,52.29614148,0.563829787,0.000001,0
95.7,62.6,53.43307692,0.222222222,0.000001,0
88.9,54.1,46.27909408,0.328358209,0.000001,0
93.7,57.9,45.12125436,0.347368421,0.000001,0
77.4,73.2,55.07228916,0.726315789,0.000001,0
84.2,66.7,45.59605911,0.536842105,0.000001,0
79.9,69.6,52.64494774,0.652631579,0.000607143,0
82.2,68.5,55.78989547,0.484210526,0.000001,0
88.7,72.7,58.64982699,0.821052632,0.000001,0
85.8,76.5,59.7184669,0.810526316,0.000001,0
88.3,72.9,60.94843206,0.547368421,0.003623693,0
84.9,72,62.24912892,0.563829787,0.000001,0
83.5,69.3,59.70452962,0.810526316,0.000001,0
85.1,69.3,57.84006969,0.821052632,0.000001,0
84.2,70.7,57.86167247,0.810526316,0.000001,0
88.3,73.6,61.34548611,0.547368421,0.000001,0
84.9,82.2,63.11445783,0.563829787,0.000001,0
85.8,62.1,57.22463054,0.222222222,0.000001,0
85.8,59.2,53.73797909,0.328358209,0.000001,0
87.4,57.2,53.77979094,0.347368421,0.000001,0
88.3,59.2,55.72195122,0.726315789,0.000001,0
84.9,64.6,56.50139373,0.536842105,0.000001,0
88.3,66.9,59.36515679,0.652631579,0.000001,0
84.9,61.9,62.06097561,0.484210526,0.000001,0
83.5,57.4,57.45226481,0.821052632,0.000001,0
85.1,59,56.13449477,0.810526316,0.000001,0
84.2,54,50.87839721,0.547368421,0.000001,0
88.3,55,47.71498258,0.563829787,0.000001,0
84.9,60.6,48.16144578,0.810526316,0.000001,0
85.8,51.3,45.45196078,1.343627451,0.000001,0
96.6,57.6,49.81916376,1.016376307,0.000001,0
88.3,63.5,52.34756098,0.880894309,0.000607143,0
84.9,68.5,50.89305556,1.728125,0.000001,0
99.7,59.9,41.36689895,2.354006969,0.000001,0
93,57.2,46.16819788,1.708480565,0.000001,0
88.7,55.6,49.97526132,2.179790941,0.003623693,0
92.1,58.5,50.57575758,1.964801865,0.000001,0
92.3,64.2,49.88461538,3.746153846,0.000001,0
84.7,53.8,44.34982578,2.716376307,0.000001,0
85.8,57,41.02473868,1.338675958,0.000001,0
85.8,70.9,51.70722892,0.693975904,0.000001,0
88.3,66.4,40.95714286,1.432019704,0.000001,0
84.9,69.1,48.85470383,1.531010453,0.000001,0
83.5,67.5,51.73658537,1.290592334,0.000001,0
85.1,72.9,55.0716263,0.883737024,0.000001,0
84.2,77.4,56.82891986,0.967944251,0.000001,0
85.8,73.6,57.48362369,1.659930314,0.000001,0
85.8,73.6,59.17979094,1.777003484,0.000001,0
88.3,70,55.96515679,1.722996516,0.000001,0
84.9,69.8,53.07317073,1.35261324,0.000001,0
83.5,70.3,54.13554007,1.14738676,0.000001,0
85.1,72.7,57.36979167,0.743055556,0.000001,0
84.2,84.6,59.09759036,2.528915663,0.000001,0
99,60.1,53.04679803,0.515763547,0.000001,0
98.4,58.8,50.71114983,1.863763066,0.000001,0
83.1,56.8,50.92543554,0.6,0.000001,0
91.8,56.7,52.48292683,0.291986063,0.000001,0
91.2,63.1,53.09233449,0.434146341,0.002195122,0
88.9,66.4,56.8195122,0.744947735,0.002439024,0
81.5,61,59.76689895,0.569686411,0.012508711,0
80.2,57.2,55.25052265,1.603832753,0.000001,0
81.3,58.6,53.27108014,1.754703833,0.000001,0
79.5,51.4,48.49890909,1.016363636,0.000001,0
95.4,54.7,48.35147059,1.002941176,0.000001,0
96.6,49.1,47.36864111,0.519512195,0.000001,0
93,51.1,49.74738676,0.448780488,0.000487805,0
93.7,56.3,49.43546099,0.566666667,0.000001,0
93.7,55.6,48.06035088,0.514385965,0.000001,0
77.4,56.1,50.71811847,0.461324042,0.000001,0
84.2,52.9,46.23867596,0.269337979,0.000001,0
79.9,52.3,45.28536585,0.443205575,0.000001,0
82.2,52.5,47.87038328,0.291637631,0.000001,0
88.7,51.8,44.40602837,0.566312057,0.000001,0
85.1,52.3,46.95121951,0.345993031,0.000487805,0
84.2,64.2,48.33253012,0.407228916,0.000001,0
96.6,49.1,47.23399015,0.5,0.000001,0
93,51.1,49.74738676,0.448780488,0.000001,0
85.8,56.3,49.43546099,0.566666667,0.000001,0
85.8,55.6,48.06035088,0.514385965,0.000001,0
88.3,56.1,50.71811847,0.461324042,0.000001,0
84.9,52.9,46.23867596,0.269337979,0.000001,0
83.5,50.9,40.49855769,3.062980769,0.000001,0
85.1,52,39.93379791,3.277003484,0.000001,0
84.2,52.3,43.46585366,2.66097561,0.000001,0
93.7,48,35.97735192,2.616027875,0.000001,0
77.4,65.5,48.47710843,1.437349398,0.000001,0
84.2,60.7,58.19463054,1.054187192,0.000001,0
79.9,57,57.57583916,1.451048951,0.000001,0
82.2,59.8,56.93226481,3.414634146,0.000001,0
88.7,61.4,59.31125436,1.616724739,0.000001,0
90.6,62.1,60.52533101,1.595818815,0.000001,0
87.8,61.1,60.18915385,1.892307692,0.000001,0
73.9,41.2,47.6029703,1.351485149,0.000001,0
71.1,41.9,49.17491289,1.365853659,0.003310105,0
74.7,36,46.18327526,0.745644599,0.000001,0
79.2,40.3,48.67003484,2.763066202,0.000766551,0
81.3,40.5,49.94366197,1.468309859,0.000001,0
85.8,45.7,55.57944251,1.710801394,0.003379791,0
90.7,44.1,52.77979094,1.365853659,0.000001,0
87.8,42.8,51.20418118,2.087108014,0.000001,0
85.6,45.9,51.30557491,2.571428571,0.000001,0
66.6,38.3,35.58251748,3.017482517,0.000001,0
66.2,35.1,31.64494774,5.616724739,0.000766551,0
63.9,51.8,26.39146341,6.146341463,0.000001,0
91.4,59.9,36.01094527,2.97761194,0.000001,0
94.5,63.7,26.93623693,2.961672474,0.000001,0
97.2,66,28.51428571,2.364111498,0.000001,0
97.9,66.6,27.69644128,2.514590747,0.000001,0
99,65.7,30.83658537,2.588501742,0.000001,0
96.4,64,29.15052265,2.816376307,0.000001,0
93.9,61,33.39965157,3.033101045,0.000001,0
90.7,59.5,33.28850174,2.893031359,0.000001,0
92.8,60.4,33.51888112,2.718181818,0.000001,0
97.5,63.5,27.39512195,2.92369338,0.000001,0
94.5,61.2,33.24529617,2.755052265,0.000001,0
90.7,72,36.45180723,2.008433735,0.000001,0
96.2,53.7,34.40909091,3.196969697,0.000001,0
96.7,57.4,23.68817204,2.76344086,0.000001,0
85.8,58.5,25.49473684,2.157894737,0.000001,0
85.8,60.1,21.20212766,2.563829787,0.000001,0
88.3,62,25.78494624,2.64516129,0.000001,0
84.9,59.4,25.85106383,2.553191489,0.000001,0
83.5,54.8,31.97849462,2.849462366,0.000001,0
85.1,54.8,31.68817204,2.591397849,0.000001,0
84.2,55.1,31.87096774,2.677419355,0.000001,0
85.8,56.6,23.46808511,2.659574468,0.000001,0
85.8,58,30.61052632,2.515789474,0.000001,0
88.3,68.3,34.57692308,2.115384615,0.000001,0
84.9,56.5,54.18226601,0.551231527,0.000001,0
83.5,63.1,53.09233449,0.434146341,0.002195122,0
85.1,66.4,56.8195122,0.744947735,0.002439024,0
84.2,61,59.76689895,0.569686411,0.012508711,0
87.3,60.4,61.04599303,1.250522648,0.000001,0
89.8,63.7,54.29686411,0.922996516,0.000001,0
93.6,52.2,53.09233449,-69.23554007,0.000001,0
96.6,66.2,65.69790941,0.174912892,0.000001,0
95.2,61.2,62.4804878,1.36445993,0.000001,0
85.6,51.4,45.93170732,2.369337979,0.000001,0
83.3,58.6,48.17874564,2.024390244,0.000001,0
83.7,63.9,58.8686747,0.472289157,0.000001,0
80.4,51.1,53.98423645,0.707881773,0.000001,0
76.8,52.2,53.05958188,0.917770035,0.000001,0
82.6,52.3,53.69616725,0.818815331,0.000001,0
79.2,40.3,48.67003484,2.763066202,0.000766551,0
86.9,50,50.41149826,1.348432056,0.000487805,0
71.1,41.9,49.17491289,1.365853659,0.003310105,0
74.7,36,46.18327526,0.745644599,0.000001,0
79.2,40.3,48.67003484,2.763066202,0.000766551,0
81.3,40.5,49.94366197,1.468309859,0.000001,0
85.8,45.7,55.57944251,1.710801394,0.003379791,0
71.1,41.9,49.17491289,1.365853659,0.003310105,0
74.7,36,46.18327526,0.745644599,0.000001,0
79.2,40.3,48.67003484,2.763066202,0.000766551,0
81.3,40.5,49.94366197,1.468309859,0.000001,0
85.8,45.7,55.57944251,1.710801394,0.003379791,0
85.8,64,32.63623693,0.308013937,0.000001,0
85.8,65.3,36.35783972,0.264111498,0.000001,0
88.3,61.3,35.26515679,0.378745645,0.000001,0
84.9,59.4,33.67491289,0.979442509,0.000001,0
83.5,57.7,33.86968641,0.446689895,0.000001,0
85.1,58.1,34.59233449,0.478745645,0.000001,0
84.2,59.7,32.84494774,0.268292683,0.000001,0
85.8,63.1,34.80662021,0.308013937,0.000001,0
85.8,70.5,40.87710843,0.385542169,0.000001,0
88.3,53.2,48.90255102,1.096938776,0.000001,0
84.9,56.1,47.7686747,0.815261044,0.000001,0
83.5,58.1,39.47260274,1.643835616,0.000001,0
85.1,58.8,49.88482759,1.248275862,0.000001,0
84.2,54.3,55.03166667,3.075,0.00225,0
98.2,55.2,51.73050847,2.398305085,0.000001,0
99.9,48.2,45.27663551,2.14953271,0.000001,0
96.8,46.8,42.13168317,2.01980198,0.000001,0
85.8,46.4,40.04661017,0.86440678,0.002288136,0
85.8,48.7,39.225,1.553030303,0.000001,0
88.3,45.9,38.62222222,1.644444444,0.000001,0
84.9,68.4,47.41,0.8,0.000001,0
83.5,50.2,45.66009852,1.28817734,0.000001,0
85.1,46.9,42.29372822,1.142857143,0.000001,0
84.2,46,34.8912892,0.855749129,0.000001,0
96.3,55.4,44.34111498,0.987456446,0.000001,0
86.9,50,50.41149826,1.348432056,0.000487805,0
86.2,63.7,48.50557491,1.233797909,0.000001,0
86.5,52.2,39.11393728,0.984320557,0.000001,0
85.5,42.8,36.95052265,1.296864111,0.000001,0
88.7,44.8,36.76271777,1.134494774,0.000001,0
88.3,45,36.75749129,1.070383275,0.000001,0
91.9,39,29.60243902,0.989198606,0.000001,0
79.2,40.3,48.67003484,2.763066202,0.000766551,0
85.8,67.3,50.96206897,2.056650246,0.000001,0
85.8,68.5,47.56759582,1.802090592,0.000001,0
88.3,67.6,50.20278746,4.309407666,0.000001,0
84.9,63.7,55.21254355,5.948083624,0.000001,0
83.5,61,53.07735192,3.211498258,0.000001,0
85.1,61.2,52.37508772,0.985614035,0.000001,0
84.2,63.9,49.05714286,0.779790941,0.000001,0
85.8,67.3,48.38954704,1.365505226,0.000001,0
85.8,62.8,50.15714286,3.309059233,0.000001,0
88.3,63.7,49.19442509,1.288850174,0.000001,0
84.9,67.5,48.33728223,2.721602787,0.000001,0
83.5,70.2,47.41807229,3.779518072,0.000001,0
85.1,50,50.41149826,1.348432056,0.000487805,0
84.2,40.3,48.67003484,2.763066202,0.000766551,0
86.9,50,50.41149826,1.348432056,0.000487805,0
91.8,63.5,61.328223,3.119163763,0.000001,0
97.2,59.4,59.51567944,1.954355401,0.000001,0
86.9,50,50.41149826,1.348432056,0.000487805,0
79.2,40.3,48.67003484,2.763066202,0.000766551,0
85.8,62.1,56.79616725,1.213240418,0.000001,0
85.8,61.3,58.23310105,2,0.000001,0
88.3,59.4,56.87874564,0.926480836,0.000001,0
84.9,66.2,57.31254355,1.689547038,0.000001,0
83.5,67.3,56.2253012,2.184337349,0.000001,0
85.1,64.4,62.33990148,1.979802956,0.000001,0
84.2,66.6,58.78327526,1.567247387,0.000001,0
85.8,66.6,58.34599303,2.181184669,0.000001,0
85.8,62.8,61.54320557,3.18641115,0.000001,0
88.3,58.1,60.50209059,2.367247387,0.000001,0
84.9,59.2,60.9087108,1.636585366,0.000001,0
83.5,59.4,58.04738676,1.588501742,0.000001,0
85.1,63.5,58.60662021,1.590940767,0.000001,0
84.2,60.4,57.94599303,1.841114983,0.000001,0
85.1,61.5,59.15156794,1.505574913,0.000001,0
84.2,67.1,59.02648084,1.970383275,0.000001,0
94.8,68.2,56.41686747,2.327710843,0.000001,0
85.8,67.1,51.12147239,0.827607362,0.000001,0
85.8,64.8,50.07003484,0.832752613,0.000001,0
88.3,61.7,57.88188153,0.745296167,0.000001,0
84.9,66.7,57.11358885,0.794773519,0.000001,0
83.5,81.1,55.63373494,1.854216867,0.000001,0
85.1,88.9,59.9,5.525,0.000001,0
84.2,0,58.3885,3.532,0.000001,0
88.2,58.6,58.33031359,3.97630662,0.000001,0
91.9,58.8,58.55749129,3.293728223,0.000001,0
96.3,63.3,60.60522648,2.293728223,0.000001,0
96.6,64,57.96585366,2.84912892,0.000001,0
95.5,62.4,50.27735192,3.052264808,0.000001,0
97,64.2,55.37142857,1.944947735,0.000001,0
96.1,60.6,57.06794425,2.51010453,0.000001,0
96.6,59.4,60.13192982,2.641403509,0.000001,0
85.8,65.8,62.26062718,1.874216028,0.000001,0
85.8,73,60.28313253,2.6,0.000001,0
88.3,47.1,47.13891626,0.369458128,0.000001,0
84.9,47.1,49.25384615,0.832167832,0.000769231,0
83.5,43.5,47.32762238,0.674825175,0.000001,0
85.1,48.7,48.41433566,1.020979021,0.000001,0
84.2,48,49.98118467,0.320557491,0.000557491,0
87.4,50.9,54.75492958,0.257042254,0.00165493,0
92.7,50.7,54.30915493,0.154929577,0.000001,0
90.1,51.8,52.32989324,0.149466192,0.000001,0
81,53.1,50.14545455,0.465034965,0.000001,0
73.8,44.6,36.68461538,0.405594406,0.000001,0
84.9,47.8,53.63972125,1.452961672,0.000418118,0
89.2,50.2,55.18606272,1.334494774,0.000001,0
85.5,50.2,51.99233449,1.810452962,0.000001,0
79.5,60.1,53.87351916,2.039721254,0.000001,0
86.2,53.6,54.52508711,1.875958188,0.000001,0
75.4,52.7,53.08,1.856363636,0.000001,0
78.6,47.1,53.28571429,1.681280788,0.000591133,0
73.2,46.9,52.60836237,1.524738676,0.000418118,0
66,50.5,52.96202091,1.31533101,0.000418118,0
66.9,56.5,56.04146341,1.638675958,0.000001,0
69.6,54.9,53.96724739,1.502439024,0.000001,0
70.9,52.5,54.23623693,1.47804878,0.000001,0
79.9,50,53.89365079,0.828174603,0.000001,0
77.5,48.2,51.78710801,1.796515679,0.000001,0
67.1,51.6,53.74808362,2.413240418,0.000001,0
65.7,53.1,54.50714286,1.166428571,0.000607143,0
69.6,54,54.58571429,1.758188153,0.000001,0
66.7,57.7,56.08433735,2.186746988,0.000001,0
67.1,50.9,51.87783251,1.378817734,0.000001,0
59.2,54.5,53.80487805,2.043554007,0.003623693,0
73.2,55.4,57.09965157,1.73902439,0.002125436,0
73.9,54.7,54.56759582,0.802439024,3.48E-05,0
74.8,57.4,59.2195122,0.951916376,0.051811847,0
71.8,58.1,59.42439024,1.630313589,0.000836237,0
61.9,55.9,56.86809339,1.789494163,0.000933852,0
72,48.6,51.26968641,0.99825784,0.000383275,0
84.9,47.8,53.63972125,1.452961672,0.000418118,0
89.2,50.2,55.18606272,1.334494774,0.000001,0
85.5,50.2,51.99233449,1.810452962,0.000001,0
79.5,60.1,53.87351916,2.039721254,0.000001,0
86.2,53.6,54.52508711,1.875958188,0.000001,0
75.4,52.7,53.08,1.856363636,0.000001,0
78.6,47.1,53.28571429,1.681280788,0.000591133,0
73.2,46.9,52.60836237,1.524738676,0.000418118,0
66,50.5,52.96202091,1.31533101,0.000418118,0
66.9,56.5,56.04146341,1.638675958,0.000001,0
69.6,54.9,53.96724739,1.502439024,0.000001,0
70.9,52.5,54.23623693,1.47804878,0.000001,0
79.9,50,53.89365079,0.828174603,0.000001,0
77.5,48.2,51.78710801,1.796515679,0.000001,0
67.1,51.6,53.74808362,2.413240418,0.000001,0
65.7,53.1,54.50714286,1.166428571,0.000607143,0
69.6,54,54.58571429,1.758188153,0.000001,0
66.7,57.7,56.08433735,2.186746988,0.000001,0
67.1,50.9,51.87783251,1.378817734,0.000001,0
59.2,54.5,53.80487805,2.043554007,0.003623693,0
73.2,55.4,57.09965157,1.73902439,0.002125436,0
73.9,54.7,54.56759582,0.802439024,3.48E-05,0
74.8,57.4,59.2195122,0.951916376,0.051811847,0
71.8,58.1,59.42439024,1.630313589,0.000836237,0
61.9,55.9,56.86809339,1.789494163,0.000933852,0
72,48.6,51.26968641,0.99825784,0.000383275,0
69.6,54,54.58571429,1.758188153,0.000001,0
66.7,57.7,56.08433735,2.186746988,0.000001,0
67.1,50.9,51.87783251,1.378817734,0.000001,0
59.2,54.5,53.80487805,2.043554007,0.003623693,0
73.2,55.4,57.09965157,1.73902439,0.002125436,0
71.8,58.1,59.42439024,1.630313589,0.000836237,0
61.9,55.9,56.86809339,1.789494163,0.000933852,0
72,48.6,51.26968641,0.99825784,0.000383275,0
69.6,54,54.58571429,1.758188153,0.000001,0
63.1,42.8,48.96724739,0.253310105,0.000001,0
64.9,38.1,46.29965157,0.408710801,0.003623693,0
68.5,38.8,46.93728223,0.340418118,0.002125436,0
66.6,45.9,50.84947735,0.496515679,0.000836237,0
68,44.1,50.50243902,0.600696864,0.000933852,0
70,41.7,49.00383275,0.4,0.000383275,0
75.9,41.7,50.33972125,0.294076655,0.014076655,0
71.2,41.9,50.03519164,0.362369338,0.000001,0
69.3,45.7,51.55644599,0.907317073,0.000001,0
62.1,46.4,47.87021277,0.812765957,0.000001,0
51.2,44.9,47.1969697,0.015151515,0.028484848,0
57.2,44.8,47.5483871,0.204301075,0.000752688,0
67.4,44.1,45.7032967,0.362637363,0.000001,0
69.8,41.7,46.35789474,0.273684211,0.000001,0
65.1,44.5,47.03157895,0.452631579,0.000001,0
68.3,38.3,44.08421053,0.515789474,0.000001,0
75.8,39.9,45.67368421,0.389473684,0.000001,0
82.9,38,46.47368421,0.252631579,0.000421053,0
84.4,38.9,48.93684211,0.105263158,0.000001,0
74.3,39.5,48.79220779,0.844155844,0.00038961,0
67.7,41.9,41.43055556,0.652777778,0.000001,0
62.5,37.2,39.37037037,0.222222222,0.000001,0
66.7,35.1,36.25172414,2.275862069,0.001674877,0
66,36.1,41.01748252,1.017482517,0.000769231,0
72.5,38.3,37.2728223,2.574912892,0.000001,0
81,34.9,33.75384615,1.367132867,0.000001,0
79.3,42.3,38.47027972,1.482517483,0.000001,0
74.5,47.1,35.12473868,4.839721254,0.000001,0
83.1,42.1,34.49370629,2.853146853,0.000001,0
88.3,51.1,35.09059233,4.114982578,0.000001,0
92.7,40.8,35.36341463,0.989547038,0.000001,0
92.5,42.1,38.76515679,1.261324042,0.000001,0
85.5,55.6,25.96901408,8.492957746,0.000001,0
69.3,61,16.19285714,10.875,0.000001,0
49.3,35.5,38.45128205,1.076923077,0.005179487,0
55.3,37.6,38.60418118,1.299651568,0.000001,0
62.5,26.2,34.7902439,1.303135889,0.000001,0
65.8,23.2,32.45679443,0.56097561,0.000001,0
66,35.2,39.21672474,2.097560976,0.000001,0
63.9,29.3,33.94285714,1.867595819,0.000001,0
70.7,25.1,33.68606272,0.731707317,0.000001,0
74.5,23.6,33.90243902,0.491289199,0.000001,0
82.8,27.3,37.15679443,0.386759582,0.000001,0
84.9,27.5,37.47839721,1.362369338,0.000001,0
68.4,24.6,29.04982578,3.212543554,0.000001,0
61.2,23.8,19.63012048,0.530120482,0.000001,0
66.9,28.6,17.63288591,0.124228188,0.000001,0
67.6,39.4,17.20034843,0.29825784,0.000001,0
65.1,33.4,15.4912892,0.270766551,0.000001,0
71.1,31.1,16.09094077,0.071498258,0.000001,0
74.5,31.6,16.87421603,0.09097561,0.000001,0
77.7,34,17.85749129,0.11738676,0.000001,0
76.5,35.4,18.77560976,0.451777003,0.000001,0
54.7,31.6,4.361445783,0,0.000001,0
56.8,43.5,43.90541872,0.659852217,0.019753695,0
60.4,42.8,44.3097561,0.377073171,0.000001,0
68,42.3,41.46689895,1.031986063,0.000001,0
68.7,38.1,42.8369338,1.06466899,0.000001,0
68.4,45,45.9989547,0.599163763,0.000001,0
68.5,39.9,39.76620209,0.870243902,0.000001,0
74.1,39.2,41.80383275,0.584216028,0.000001,0
78.1,37.4,42.30766551,0.498432056,0.000001,0
65.1,49.3,46.45903614,0.57939759,0.000001,0
61.3,30.2,32.48083624,0.41271777,0.000487805,0
66.9,29.1,30.14703833,0.49358885,0.000001,0
64,40.1,35.08327526,0.571567944,0.000001,0
61.7,34.2,32.76236934,0.851498258,0.000001,0
69.8,32.2,32.18432056,0.587247387,0.000001,0
73.9,32.2,32.35470383,0.516655052,0.000001,0
80.4,35.6,33.85853659,0.438362369,0.000001,0
77.4,37.2,33.95923345,0.69630662,0.000001,0
68.4,29.7,25.45888502,0.856759582,0.000001,0
56.8,34.7,12.34457831,0.518915663,0.000001,0
60.3,38.1,41.62413793,0.115270936,0.009655172,0
61.9,46.8,45.20174216,0.130662021,0.000487805,0
74.7,43.5,41.54113475,0.189361702,0.000001,0
77.9,38.7,36.58641115,0.125783972,0.000001,0
74.8,40.1,37.21881533,0.770034843,0.000001,0
74.8,37.6,37.92857143,0.317073171,0.000001,0
81.5,39,38.80139373,0.461324042,0.000001,0
91.2,39.2,39.53763066,0.054703833,0.000001,0
88.5,39.6,41.60662021,0.618815331,0.000001,0
71.4,49.1,36.86292135,1.787640449,0.000001,0
66.6,41.4,42.14334975,1.411330049,0.000001,0
64.2,47.7,47.63867596,1.525783972,0.002160279,0
72.9,47.1,42.13344948,2.97456446,0.000001,0
76.5,42.4,41.44738676,0.560627178,0.000001,0
76.1,45.5,45.93937282,0.47630662,0.000001,0
74.1,46,39.47640845,3.216549296,0.000001,0
81,45.7,38.77979094,2.1728223,0.000001,0
87.6,61.5,39.43344948,3.850174216,0.000001,0
89.6,51.3,47.5456446,0.390940767,0.000001,0
85.1,49.8,51.44843206,0.257839721,0.000001,0
80.1,57.9,33.68536585,7.663763066,0.000001,0
72.1,60.8,14.76385542,9.289156627,0.000001,0
90.7,53.6,37.36648974,1.655555556,0.000001,0
89.6,54.7,41.01232613,1.68815331,0.000001,0
84.9,56.1,30.24312718,5.713240418,0.000001,0
72.7,63.1,11.94293324,8.725675676,0.000001,0
55.6,45.5,42.96600985,0.474384236,0.009768473,0
60.3,41.5,43.93937282,0.412195122,0.000327526,0
69.3,42.6,40.52404181,0.657839721,0.000001,0
70.5,46.6,41.54947735,0.775958188,0.000001,0
67.5,47.1,37.97142857,0.7271777,0.000001,0
69.1,46,42.88815331,0.653658537,0.000001,0
78.6,50,39.78780488,0.814982578,0.000001,0
86.5,58.6,39.62195122,0.895470383,0.000001,0
88.9,61.5,42.40557491,0.795818815,0.000001,0
79.5,57.9,41.73101045,0.877700348,0.000001,0
61.5,46.9,40.06067416,0.746067416,0.000001,0
47.7,35.8,39.68275862,0.374384236,0.009310345,0
55.9,38.3,40.53554007,0.847038328,0.000487805,0
61.9,33.6,38.82090592,0.905574913,0.000001,0
64.9,31.6,38.35296167,0.650174216,0.000001,0
65.3,44.8,43.98780488,1.176655052,0.000001,0
62.6,37,40.62090592,1.204878049,0.000001,0
69.4,33.1,40.26027875,0.573867596,0.000001,0
76.5,38.7,39.56864111,1.421602787,0.000001,0
78.1,36.3,41.44738676,0.280836237,0.000001,0
81.1,41.2,44.34076655,1.397560976,0.000001,0
66.7,34.9,34.171777,1.951567944,0.000001,0
59.4,43.3,23.40843373,0.393975904,0.000001,0
60.7,36.4,37.63076923,0.430769231,0.003076923,0
60.9,38.6,42.46808511,0.276595745,0.002234043,0
67.8,37.3,38.54736842,1.484210526,0.000001,0
75.3,37.9,38.18947368,0.168421053,0.000001,0
74.1,45.3,41.15789474,0.010526316,0.000001,0
70.9,39,35.35106383,0.978723404,0.000001,0
79,44.1,37.05376344,1.376344086,0.000001,0
83.5,52.1,34.46808511,1.79787234,0.000001,0
87,44.5,38.95789474,0.031578947,0.000001,0
85.6,45.8,42.13829787,0.106382979,0.000001,0
55.8,34,35.50246305,1.960591133,0.000001,0
59.5,35.1,37.43205575,1.470383275,0.000001,0
68.2,35.1,35.88850174,2.512195122,0.000001,0
73.8,42.3,37.28222997,2.773519164,0.000001,0
71.6,41.7,38.21254355,2.324041812,0.000001,0
70,35.8,35.33449477,2.602787456,0.000001,0
78.6,41.7,37.26132404,2.3728223,0.000001,0
86.7,50.4,35.17073171,3.097560976,0.000001,0
87.6,55.9,39.6271777,3.257839721,0.000001,0
86.4,53.2,36.52961672,2.759581882,0.000001,0
77,32.5,29.91986063,2.797909408,0.000001,0
69.3,45.3,7.710843373,4.409638554,0.000001,0
55.6,41.2,44.60492611,1.304926108,0.023842365,0
58.5,43,44.37142857,1.219512195,0.000174216,0
67.5,38.1,41.95470383,1.660278746,0.000001,0
74.1,36.3,42.23379791,1.315679443,0.000001,0
69.1,44.8,42.02369338,2.460278746,0.000001,0
66.2,42.3,43.56480836,2.491289199,0.000001,0
74.1,43.5,44.89094077,2.180139373,0.000001,0
83.7,43.7,43.92787456,1.814982578,0.000001,0
83.8,46,44.35888502,1.377003484,0.000001,0
80.4,49.1,47.43832753,2.532055749,0.000001,0
63.1,45.7,38.3447205,5.09689441,0.000001,0
61.2,49.5,33.64693878,2.148979592,0.000001,0
56.1,45.7,46.00344828,0.08137931,0.025172414,0
64.8,45.1,45.80940767,0.144878049,0.01,0
71.8,44.4,44.2097561,0.660905923,0.000001,0
73.8,43.9,45.86445993,0.292090592,0.000001,0
70.2,44.6,47.36968641,0.816759582,0.000001,0
81.7,41.2,45.82007042,0.354507042,0.000001,0
82.2,41.9,47.32787456,0.223728223,0.000487805,0
63,51.8,35.02222222,0.232222222,0.000001,0
59,42.6,49.04411765,0.324019608,0.002843137,0
63.1,42.8,48.96724739,0.253310105,0.000001,0
64.9,38.1,46.29965157,0.408710801,0.000001,0
68.5,38.8,46.93728223,0.340418118,0.000001,0
66.6,45.9,50.84947735,0.496515679,0.000001,0
68,44.1,50.50243902,0.600696864,0.000001,0
70,41.7,49.00383275,0.4,0.000001,0
75.9,41.7,50.33972125,0.294076655,0.014076655,0
71.2,41.9,50.03519164,0.362369338,0.000001,0
69.3,45.7,51.55644599,0.907317073,0.000001,0
62.1,46.4,47.87021277,0.812765957,0.000001,0
51.2,44.9,47.1969697,0.015151515,0.028484848,0
57.2,44.8,47.5483871,0.204301075,0.000752688,0
67.4,44.1,45.7032967,0.362637363,0.000001,0
69.8,41.7,46.35789474,0.273684211,0.000001,0
65.1,44.5,47.03157895,0.452631579,0.000001,0
68.3,38.3,44.08421053,0.515789474,0.000001,0
75.8,39.9,45.67368421,0.389473684,0.000001,0
82.9,38,46.47368421,0.252631579,0.000421053,0
84.4,38.9,48.93684211,0.105263158,0.000001,0
74.3,39.5,48.79220779,0.844155844,0.00038961,0
67.7,41.9,41.43055556,0.652777778,0.000001,0
62.5,37.2,39.37037037,0.222222222,0.000001,0
66.7,35.1,36.25172414,2.275862069,0.001674877,0
66,36.1,41.01748252,1.017482517,0.000769231,0
72.5,38.3,37.2728223,2.574912892,0.000001,0
81,34.9,33.75384615,1.367132867,0.000001,0
79.3,42.3,38.47027972,1.482517483,0.000001,0
74.5,47.1,35.12473868,4.839721254,0.000001,0
83.1,42.1,34.49370629,2.853146853,0.000001,0
88.3,51.1,35.09059233,4.114982578,0.000001,0
92.7,40.8,35.36341463,0.989547038,0.000001,0
92.5,42.1,38.76515679,1.261324042,0.000001,0
85.5,55.6,25.96901408,8.492957746,0.000001,0
69.3,61,16.19285714,10.875,0.000001,0
49.3,35.5,38.45128205,1.076923077,0.005179487,0
55.3,37.6,38.60418118,1.299651568,0.000001,0
62.5,26.2,34.7902439,1.303135889,0.000001,0
65.8,23.2,32.45679443,0.56097561,0.000001,0
66,35.2,39.21672474,2.097560976,0.000001,0
63.9,29.3,33.94285714,1.867595819,0.000001,0
70.7,25.1,33.68606272,0.731707317,0.000001,0
74.5,23.6,33.90243902,0.491289199,0.000001,0
82.8,27.3,37.15679443,0.386759582,0.000001,0
84.9,27.5,37.47839721,1.362369338,0.000001,0
68.4,24.6,29.04982578,3.212543554,0.000001,0
61.2,23.8,19.63012048,0.530120482,0.000001,0
66.9,28.6,17.63288591,0.124228188,0.000001,0
67.6,39.4,17.20034843,0.29825784,0.000001,0
65.1,33.4,15.4912892,0.270766551,0.000001,0
71.1,31.1,16.09094077,0.071498258,0.000001,0
74.5,31.6,16.87421603,0.09097561,0.000001,0
77.7,34,17.85749129,0.11738676,0.000001,0
76.5,35.4,18.77560976,0.451777003,0.000001,0
56.8,43.5,43.90541872,0.659852217,0.019753695,0
60.4,42.8,44.3097561,0.377073171,0.000001,0
68,42.3,41.46689895,1.031986063,0.000001,0
68.7,38.1,42.8369338,1.06466899,0.000001,0
68.4,45,45.9989547,0.599163763,0.000001,0
68.5,39.9,39.76620209,0.870243902,0.000001,0
74.1,39.2,41.80383275,0.584216028,0.000001,0
78.1,37.4,42.30766551,0.498432056,0.000001,0
65.1,49.3,46.45903614,0.57939759,0.000001,0
61.3,30.2,32.48083624,0.41271777,0.000001,0
66.9,29.1,30.14703833,0.49358885,0.000001,0
64,40.1,35.08327526,0.571567944,0.000001,0
61.7,34.2,32.76236934,0.851498258,0.000001,0
69.8,32.2,32.18432056,0.587247387,0.000001,0
73.9,32.2,32.35470383,0.516655052,0.000001,0
80.4,35.6,33.85853659,0.438362369,0.000001,0
77.4,37.2,33.95923345,0.69630662,0.000001,0
68.4,29.7,25.45888502,0.856759582,0.000001,0
56.8,34.7,12.34457831,0.518915663,0.000001,0
60.3,38.1,41.62413793,0.115270936,0.000001,0
61.9,46.8,45.20174216,0.130662021,0.000001,0
74.7,43.5,41.54113475,0.189361702,0.000001,0
77.9,38.7,36.58641115,0.125783972,0.000001,0
74.8,40.1,37.21881533,0.770034843,0.000001,0
74.8,37.6,37.92857143,0.317073171,0.000001,0
81.5,39,38.80139373,0.461324042,0.000001,0
91.2,39.2,39.53763066,0.054703833,0.000001,0
88.5,39.6,41.60662021,0.618815331,0.000001,0
71.4,49.1,36.86292135,1.787640449,0.000001,0
66.6,41.4,42.14334975,1.411330049,0.000001,0
64.2,47.7,47.63867596,1.525783972,0.000001,0
72.9,47.1,42.13344948,2.97456446,0.000001,0
76.5,42.4,41.44738676,0.560627178,0.000001,0
76.1,45.5,45.93937282,0.47630662,0.000001,0
74.1,46,39.47640845,3.216549296,0.000001,0
81,45.7,38.77979094,2.1728223,0.000001,0
87.6,61.5,39.43344948,3.850174216,0.000001,0
89.6,51.3,47.5456446,0.390940767,0.000001,0
85.1,49.8,51.44843206,0.257839721,0.000001,0
80.1,57.9,33.68536585,7.663763066,0.000001,0
72.1,60.8,14.76385542,9.289156627,0.000001,0
90.7,53.6,37.36648974,1.655555556,0.000001,0
89.6,54.7,41.01232613,1.68815331,0.000001,0
84.9,56.1,30.24312718,5.713240418,0.000001,0
72.7,63.1,11.94293324,8.725675676,0.000001,0
55.6,45.5,42.96600985,0.474384236,0.000001,0
60.3,41.5,43.93937282,0.412195122,0.000001,0
69.3,42.6,40.52404181,0.657839721,0.000001,0
70.5,46.6,41.54947735,0.775958188,0.000001,0
67.5,47.1,37.97142857,0.7271777,0.000001,0
69.1,46,42.88815331,0.653658537,0.000001,0
78.6,50,39.78780488,0.814982578,0.000001,0
86.5,58.6,39.62195122,0.895470383,0.000001,0
88.9,61.5,42.40557491,0.795818815,0.000001,0
79.5,57.9,41.73101045,0.877700348,0.000001,0
61.5,46.9,40.06067416,0.746067416,0.000001,0
47.7,35.8,39.68275862,0.374384236,0.009310345,0
55.9,38.3,40.53554007,0.847038328,0.000487805,0
61.9,33.6,38.82090592,0.905574913,0.000001,0
64.9,31.6,38.35296167,0.650174216,0.000001,0
65.3,44.8,43.98780488,1.176655052,0.000001,0
62.6,37,40.62090592,1.204878049,0.000001,0
69.4,33.1,40.26027875,0.573867596,0.000001,0
76.5,38.7,39.56864111,1.421602787,0.000001,0
78.1,36.3,41.44738676,0.280836237,0.000001,0
81.1,41.2,44.34076655,1.397560976,0.000001,0
66.7,34.9,34.171777,1.951567944,0.000001,0
59.4,43.3,23.40843373,0.393975904,0.000001,0
60.7,36.4,37.63076923,0.430769231,0.003076923,0
60.9,38.6,42.46808511,0.276595745,0.002234043,0
67.8,37.3,38.54736842,1.484210526,0.000001,0
75.3,37.9,38.18947368,0.168421053,0.000001,0
74.1,45.3,41.15789474,0.010526316,0.000001,0
70.9,39,35.35106383,0.978723404,0.000001,0
79,44.1,37.05376344,1.376344086,0.000001,0
83.5,52.1,34.46808511,1.79787234,0.000001,0
87,44.5,38.95789474,0.031578947,0.000001,0
85.6,45.8,42.13829787,0.106382979,0.000001,0
55.8,34,35.50246305,1.960591133,0.000001,0
59.5,35.1,37.43205575,1.470383275,0.000001,0
68.2,35.1,35.88850174,2.512195122,0.000001,0
73.8,42.3,37.28222997,2.773519164,0.000001,0
71.6,41.7,38.21254355,2.324041812,0.000001,0
70,35.8,35.33449477,2.602787456,0.000001,0
78.6,41.7,37.26132404,2.3728223,0.000001,0
86.7,50.4,35.17073171,3.097560976,0.000001,0
87.6,55.9,39.6271777,3.257839721,0.000001,0
86.4,53.2,36.52961672,2.759581882,0.000001,0
77,32.5,29.91986063,2.797909408,0.000001,0
69.3,45.3,7.710843373,4.409638554,0.000001,0
55.6,41.2,44.60492611,1.304926108,0.023842365,0
58.5,43,44.37142857,1.219512195,0.000174216,0
67.5,38.1,41.95470383,1.660278746,0.000001,0
74.1,36.3,42.23379791,1.315679443,0.000001,0
69.1,44.8,42.02369338,2.460278746,0.000001,0
66.2,42.3,43.56480836,2.491289199,0.000001,0
74.1,43.5,44.89094077,2.180139373,0.000001,0
83.7,43.7,43.92787456,1.814982578,0.000001,0
83.8,46,44.35888502,1.377003484,0.000001,0
80.4,49.1,47.43832753,2.532055749,0.000001,0
63.1,45.7,38.3447205,5.09689441,0.000001,0
61.2,49.5,33.64693878,2.148979592,0.000001,0
56.1,45.7,46.00344828,0.08137931,0.025172414,0
64.8,45.1,45.80940767,0.144878049,0.01,0
71.8,44.4,44.2097561,0.660905923,0.000001,0
73.8,43.9,45.86445993,0.292090592,0.000001,0
70.2,44.6,47.36968641,0.816759582,0.000001,0
78.6,51.1,45.47351916,0.341393728,0.000243902,0
81.7,41.2,45.82007042,0.354507042,0.000001,0
82.2,41.9,47.32787456,0.223728223,0.000487805,0
63,51.8,35.02222222,0.232222222,0.000001,0
59,42.6,49.04411765,0.324019608,0.011044776,0
63.1,42.8,48.96724739,0.253310105,0.000754717,0
64.9,38.1,46.29965157,0.408710801,0.002843137,0
68.5,38.8,46.93728223,0.340418118,0.000001,0
66.6,45.9,50.84947735,0.496515679,0.000001,0
68,44.1,50.50243902,0.600696864,0.000001,0
70,41.7,49.00383275,0.4,0.000001,0
75.9,41.7,50.33972125,0.294076655,0.014076655,0
71.2,41.9,50.03519164,0.362369338,0.000001,0
69.3,45.7,51.55644599,0.907317073,0.000001,0
62.1,46.4,47.87021277,0.812765957,0.000001,0
51.2,44.9,47.1969697,0.015151515,0.028484848,0
57.2,44.8,47.5483871,0.204301075,0.000752688,0
67.4,44.1,45.7032967,0.362637363,0.000001,0
69.8,41.7,46.35789474,0.273684211,0.000001,0
65.1,44.5,47.03157895,0.452631579,0.000001,0
68.3,38.3,44.08421053,0.515789474,0.000001,0
75.8,39.9,45.67368421,0.389473684,0.000001,0
82.9,38,46.47368421,0.252631579,0.000421053,0
84.4,38.9,48.93684211,0.105263158,0.000001,0
74.3,39.5,48.79220779,0.844155844,0.00038961,0
67.7,41.9,41.43055556,0.652777778,0.000001,0
62.5,37.2,39.37037037,0.222222222,0.000001,0
66.7,35.1,36.25172414,2.275862069,0.001674877,0
66,36.1,41.01748252,1.017482517,0.000769231,0
72.5,38.3,37.2728223,2.574912892,0.000001,0
81,34.9,33.75384615,1.367132867,0.000001,0
79.3,42.3,38.47027972,1.482517483,0.000001,0
74.5,47.1,35.12473868,4.839721254,0.000001,0
83.1,42.1,34.49370629,2.853146853,0.000001,0
88.3,51.1,35.09059233,4.114982578,0.000001,0
92.7,40.8,35.36341463,0.989547038,0.000001,0
92.5,42.1,38.76515679,1.261324042,0.000001,0
85.5,55.6,25.96901408,8.492957746,0.000001,0
69.3,61,16.19285714,10.875,0.000001,0
49.3,35.5,38.45128205,1.076923077,0.005179487,0
55.3,37.6,38.60418118,1.299651568,0.000001,0
62.5,26.2,34.7902439,1.303135889,0.000001,0
65.8,23.2,32.45679443,0.56097561,0.000001,0
66,35.2,39.21672474,2.097560976,0.000001,0
63.9,29.3,33.94285714,1.867595819,0.000001,0
70.7,25.1,33.68606272,0.731707317,0.000001,0
74.5,23.6,33.90243902,0.491289199,0.000001,0
82.8,27.3,37.15679443,0.386759582,0.000001,0
84.9,27.5,37.47839721,1.362369338,0.000001,0
68.4,24.6,29.04982578,3.212543554,0.000001,0
61.2,23.8,19.63012048,0.530120482,0.000001,0
66.9,28.6,17.63288591,0.124228188,0.000001,0
67.6,39.4,17.20034843,0.29825784,0.000001,0
65.1,33.4,15.4912892,0.270766551,0.000001,0
71.1,31.1,16.09094077,0.071498258,0.000001,0
74.5,31.6,16.87421603,0.09097561,0.000001,0
77.7,34,17.85749129,0.11738676,0.000001,0
76.5,35.4,18.77560976,0.451777003,0.000001,0
54.7,31.6,4.361445783,0,0.000001,0
56.8,43.5,43.90541872,0.659852217,0.019753695,0
60.4,42.8,44.3097561,0.377073171,0.000001,0
68,42.3,41.46689895,1.031986063,0.000001,0
68.7,38.1,42.8369338,1.06466899,0.000001,0
68.4,45,45.9989547,0.599163763,0.000001,0
68.5,39.9,39.76620209,0.870243902,0.000001,0
74.1,39.2,41.80383275,0.584216028,0.000001,0
78.1,37.4,42.30766551,0.498432056,0.000001,0
65.1,49.3,46.45903614,0.57939759,0.000001,0
54.3,39.2,4.117421603,0.049825784,0.007595819,0
61.3,30.2,32.48083624,0.41271777,0.000487805,0
66.9,29.1,30.14703833,0.49358885,0.000001,0
64,40.1,35.08327526,0.571567944,0.000001,0
61.7,34.2,32.76236934,0.851498258,0.000001,0
69.8,32.2,32.18432056,0.587247387,0.000001,0
73.9,32.2,32.35470383,0.516655052,0.000001,0
55.6,45.5,42.96600985,0.474384236,0.009768473,0
60.3,41.5,43.93937282,0.412195122,0.000327526,0
68.4,29.7,25.45888502,0.856759582,0.000001,0
56.8,34.7,12.34457831,0.518915663,0.001204819,0
60.3,38.1,41.62413793,0.115270936,0.009655172,0
61.9,46.8,45.20174216,0.130662021,0.000487805,0
64.2,47.7,47.63867596,1.525783972,0.002160279,0
55.6,45.5,42.96600985,0.474384236,0.009768473,0
60.3,41.5,43.93937282,0.412195122,0.000327526,0
68.4,29.7,25.45888502,0.856759582,0.000001,0
56.8,34.7,12.34457831,0.518915663,0.001204819,0
60.3,38.1,41.62413793,0.115270936,0.009655172,0
61.9,46.8,45.20174216,0.130662021,0.000487805,0
64.2,47.7,47.63867596,1.525783972,0.002160279,0
78.6,0,45.47351916,0.341393728,0.000243902,0
82.2,41.9,47.32787456,0.223728223,0.000487805,0
78.6,0,45.47351916,0.341393728,0.000243902,0
82.2,41.9,47.32787456,0.223728223,0.000487805,0
96.1,67.5,49.04778325,3.016256158,0.000001,0
95.2,67.1,46.35017422,4.059581882,0.000001,0
95,64.6,43.74773519,3.068641115,0.000001,0
60.7,36.4,37.63076923,0.430769231,0.003076923,0
60.9,38.6,42.46808511,0.276595745,0.002234043,0
95.5,61.9,28.41184669,2.733101045,0.000001,0
94.1,67.5,34.71289199,2.103135889,0.000001,0
95,64.2,37.72229965,2.157142857,0.000001,0
93.9,63.7,36.73484321,3.664111498,0.000001,0
91.2,61.2,34.69930314,3.792334495,0.000001,0
87.8,54.5,32.02055749,3.16445993,0.000001,0
84.6,61.7,28.13855422,2.338554217,0.000001,0
87.6,53.1,28.85123153,2.242857143,0.000001,0
86.9,55.8,26.73867596,2.216376307,0.000001,0
89.1,53.1,28.18710801,2.317421603,0.000001,0
88.9,61.7,30.12264808,2.213937282,0.000001,0
87.4,59.2,32.26585366,3.155400697,0.000001,0
86.4,56.1,28.14065041,3.143089431,0.000001,0
82.4,53.8,32.62614679,2.230733945,0.000001,0
82,50.2,25.51637631,2.31533101,0.000001,0
81,52,27.12404181,2.829268293,0.000001,0
79.2,45.9,30.88954704,2.917073171,0.000591133,0
70.3,39.6,29.01714286,1.806428571,0.000001,0
64,48.9,28.88192771,1.581927711,0.000418118,0
66.4,55.2,55.48078818,0.652216749,0.000418118,0
61.5,53.8,54.25749129,0.803484321,0.000418118,0
68.7,54.7,55.96794425,0.385017422,0.000418118,0
67.8,56.8,57.29721254,0.368292683,0.000001,0
68,55.8,56.41602787,0.331010453,0.000001,0
70,51.1,53.87979094,0.570731707,0.000001,0
70.9,48,53.25958188,0.55087108,0.000001,0
70.3,49.6,55.13240418,0.552264808,0.000001,0
67.5,55.4,56.74355401,0.648432056,0.000001,0
71.8,57.9,57.46062718,0.552961672,0.000607143,0
67.5,58.8,56.86864111,0.353658537,0.000001,0
63.3,57.7,56.79518072,0.363855422,0.000001,0
55.8,45,23.56716418,0,0.011044776,0
51.4,41,23.39622642,0,0.000754717,0
59,42.6,49.04411765,0.324019608,0.002843137,0
97.3,58,54.02547038,1.651567944,0.000001,0
93.8,59.5,49.07174216,2.020905923,0.000001,0
92,55.3,51.79139373,1.362369338,0.000001,0
91.3,65.6,54.2353012,0.542168675,0.000001,0
77.4,66.7,49.64079602,1.60199005,0.000001,0
84.2,63.1,46.3728223,1.724738676,0.000001,0
79.9,59.4,43.9543554,1.825783972,0.000001,0
82.2,55,48.7979021,1.660839161,0.000001,0
88.7,55.9,46.10696864,1.777003484,0.000001,0
86,54.3,49.33867596,1.745644599,0.008432056,0
77.4,56.1,44.2451049,1.643356643,0.000001,0
84.2,58.1,44.09686411,1.87804878,0.000001,0
79.9,53.6,44.5271777,2.024390244,0.000001,0
82.2,54.9,48.25316901,2.038732394,0.000001,0
88.7,57,55.05853659,1.940766551,0.000001,0
86,66.2,53.96024096,1.939759036,0.000001,0
87.4,64.9,57.23054187,21.72364532,0.000001,0
90.1,63.7,59.14634146,20.82055749,0.000001,0
93.6,64.4,56.86167247,22.36271777,0.000001,0
91.9,63.1,56.52578397,22.20278746,0.000001,0
87.6,61.3,56.98013937,18.97839721,0.000001,0
88.7,59.7,56.75853659,18.22857143,0.000001,0
86.9,60.3,56.7630662,17.52229965,0.000001,0
89.2,61.3,55.92369338,16.29965157,0.000001,0
88.3,61.2,56.54285714,17.77421603,0.000001,0
87.3,60.8,55.25087108,16.11843206,0.000001,0
88,61.2,53.35818815,16.62630662,0.000001,0
90.7,60.4,53.97944251,12.14864111,0.000001,0
91.9,69.8,50.85365854,15.09766551,0.000001,0
88.2,62.8,52.27630662,15.10731707,0.000001,0
91.6,64.4,50.50662021,16.15494774,0.000001,0
90.1,62.6,52.85818815,15.80020906,0.000001,0
88.2,59.5,57.02404181,11.83041812,0.000001,0
97,61,57.99651568,9.730174216,0.000001,0
96.3,61.7,55.81811847,13.77926829,0.000001,0
91.8,68.2,55.34947735,13.77233449,0.000001,0
92.1,63.7,54.28083624,8.385783972,0.000001,0
91.4,61,57.01358885,17.71522648,0.000001,0
82.4,63,58.36987952,16.50710843,0.000001,0
88.4,74.7,45.53731343,0.313432836,0.000001,0
85.5,76.8,40.14893617,0.308510638,0.000001,0
83,72.8,45.37634409,0.23655914,0.000001,0
85.7,69.8,43.70526316,0.315789474,0.000001,0
86.4,72.7,42.08421053,0.347368421,0.000001,0
95.3,84.1,33.30851064,2.340425532,0.000001,0
94.1,74.6,33.41052632,1.831578947,0.000001,0
96.3,77.7,26.74736842,3.305263158,0.000001,0
93,80.1,34.07368421,2.263157895,0.000001,0
92.4,77.1,33.70212766,2.287234043,0.000001,0
91.5,73,42.34736842,0.410526316,0.000001,0
89.7,78.8,37.7037037,0.37037037,0.000001,0
75.4,59.2,42.3880597,0.955223881,0.000001,0
73.6,62.7,44.31578947,0.452631579,0.000001,0
70.4,55.4,43.30120482,0.120481928,0.000001,0
82.5,77.1,37.8125,0.875,0.000001,0
77.1,62.7,41.22340426,0.404255319,0.000001,0
80.8,66.8,36.32631579,0.4,0.000001,0
84,69.4,37.96842105,0.263157895,0.000001,0
80.6,67.7,37.89361702,0.29787234,0.000001,0
78.8,61.8,31.88421053,0.210526316,0.000001,0
84.3,63.8,39.70526316,0.694736842,0.000001,0
78.5,69.6,41.53846154,0.884615385,0.000001,0
82.8,53.3,57.07462687,0.865671642,0.000001,0
81.2,55,57.42105263,0.8,0.000001,0
77.7,55.1,56.67368421,0.831578947,0.000001,0
77.4,54.9,55.98947368,0.873684211,0.000001,0
84.2,50.8,54.79787234,0.787234043,0.000001,0
79.9,47.8,55.31578947,0.684210526,0.000001,0
82.2,56.5,56.41052632,0.863157895,0.000001,0
88.7,47.1,53.97894737,0.621052632,0.000001,0
86,50.6,51.98484848,0.454545455,0.000001,0
86.4,50.8,54.75949367,0.46835443,0.000001,0
88.7,55,60.9673913,0.608695652,0.000001,0
87.5,60.4,62.03703704,0.444444444,0.000001,0
77.4,53.8,31.14236453,1.549753695,0.000001,0
84.2,52.3,27.98536585,2.003484321,0.000001,0
79.9,55,29.04216028,1.840766551,0.000001,0
82.2,55.9,27.0087108,3.140069686,0.000001,0
88.7,45.9,25.61602787,2.5728223,0.000001,0
86,50.9,25.94146341,4.254355401,0.000001,0
97.9,49.6,24.61045296,4.381881533,0.000001,0
77.4,47.8,25.77317073,4.791986063,0.000001,0
84.2,50.4,25.15087108,3.947735192,0.000001,0
79.9,50.9,26.78675958,2.235888502,0.000001,0
82.2,50,25.64390244,0.780487805,0.000001,0
88.7,66.7,30.10843373,1.330120482,0.000001,0
86,42.8,25.31428571,1.01182266,0.000001,0
86,41.2,28.72195122,1.517770035,0.000001,0
85.6,38.1,28.41114983,1.188501742,0.000001,0
87.3,37.4,26.70557491,1.789547038,0.000001,0
77.4,42.6,25.928223,2.47804878,0.000001,0
84.2,43.2,21.45505226,0.757839721,0.000001,0
79.9,42.6,23.13414634,0.729965157,0.000001,0
82.2,40.5,22.44041812,1.01533101,0.000001,0
88.7,40.5,19.52811388,0.865836299,0.000001,0
84.2,39.4,20.1887218,0.452631579,0.000001,0
79.9,46,24.83031359,0.8,0.000001,0
66.8,43.2,55.9466899,6.683623693,0.000001,0
66.2,42.6,54.75087108,9.517421603,0.000591133,0
61.2,58.1,51.26724739,14.00836237,0.000418118,0
61.1,40.5,55.16167247,8.294773519,0.000418118,0
64.6,39.4,58.1728223,5.175958188,0.000001,0
65.2,59.9,56.4804878,6.415679443,0.000001,0
65,58.1,56.34216028,5.440766551,0.000001,0
63.4,42.6,55.48501742,8.141463415,0.000001,0
62.6,55.6,54.96445993,8.756445993,0.000001,0
61.7,58.1,56.09616725,11.1271777,0.000001,0
60.7,58,56.16746988,8.968674699,0.000607143,0
86.9,64.9,54.01625616,0.374384236,0.000001,0
88.2,65.5,53.2087108,0.257491289,0.000591133,0
89.1,66.7,48.51824561,0.271578947,0.000418118,0
87.4,66.6,46.76759582,0.343554007,0.000418118,0
87.1,65.7,48.23484321,0.326480836,0.000001,0
86.9,65.7,42.81533101,0.252264808,0.000001,0
82.8,66.6,48.26933798,0.073867596,0.000001,0
89.8,68.4,45.971777,0.222648084,0.000001,0
86.4,67.3,49.82508711,0.223554007,0.000001,0
86,65.7,43.69407666,0.371533101,0.000001,0
85.8,64.6,39.26167247,0.444146341,0.000607143,0
81.9,65.7,36.96506024,0.207349398,0.000001,0
93.2,62.8,34.83823529,2.572058824,0.000001,0
93.2,60.8,36.51149826,2.581881533,0.000001,0
91.6,62.2,34.86408451,3.873239437,0.000001,0
90.3,60.3,30.30034843,2.905226481,0.000001,0
93,64.9,51.42264808,2.663763066,0.000001,0
94.5,67.8,49.1804878,2.26271777,0.000001,0
94.1,67.5,46.68181818,2.475174825,0.000001,0
95.7,64.6,42.17351916,2.6271777,0.000001,0
93.6,63.1,37.09686411,2.379442509,0.000001,0
92.7,60.6,32.36933798,2.554006969,0.000001,0
96.4,59.2,32.2097561,2.014285714,0.000001,0
56.1,45.7,46.00344828,0.08137931,0.025172414,0
64.8,45.1,45.80940767,0.144878049,0.01,0
71.8,44.4,44.2097561,0.660905923,0.000001,0
73.8,43.9,45.86445993,0.292090592,0.000001,0
70.2,44.6,47.36968641,0.816759582,0.000001,0
74.8,0,42.33240418,0.428745645,0.000001,0
78.6,0,45.47351916,0.341393728,0.000243902,0
81.7,41.2,45.82007042,0.354507042,0.000001,0
82.2,41.9,47.32787456,0.223728223,0.000487805,0
93.6,64.4,38.31916376,3.077351916,0.000001,0
91.6,61.9,37.37944251,3.544599303,0.000001,0
88.2,57.9,33.14773519,3.36271777,0.000001,0
83.5,65.5,29.74939759,2.722891566,0.000001,0
86.2,49.6,28.69458128,1.886206897,0.000001,0
87.3,59,27.63333333,2.168390805,0.000591133,0
88.7,54.9,32.1369338,1.989198606,0.000418118,0
88.2,57.2,33.29860627,2.147735192,0.000418118,0
87.4,57.2,34.1358885,3.382229965,0.000001,0
86.7,53.8,29.2543554,2.86445993,0.000001,0
84.7,54.3,34.00034843,2.582229965,0.000001,0
82,48.7,27.9358885,1.995470383,0.000001,0
82.8,55,27.55087108,2.492682927,0.000001,0
79.2,46.2,30.37003484,2.250174216,0.000001,0
71.2,44.1,29.44105263,2.793333333,0.000607143,0
64,52.5,29.56385542,2.226506024,0.000001,0
88.9,39.9,44.69458128,2.42364532,0.000001,0
88,43,46.04494774,2.163763066,0.000001,0
85.6,41.2,43.40905923,2.355400697,0.000001,0
77.2,38.7,43.16807018,2.361403509,0.000001,0
74.3,40.6,44.41881533,2.655052265,0.000001,0
74.8,38.7,47.19303136,1.567944251,0.000001,0
83.3,39.9,47.52682927,1.93728223,0.000001,0
85.8,43.7,49.15365854,2,0.000001,0
89.8,39.9,42.59125874,2.034965035,0.000001,0
94.1,40.1,42.51468531,2.06993007,0.000001,0
93.2,42.1,41.89265734,2.472027972,0.000001,0
95.5,57,36.76219512,2.548780488,0.000001,0
87.8,42.8,38.72118227,1.75862069,0.000001,0
89.2,40.6,38.87964912,1.880701754,0.000001,0
91,38.3,35.07735192,1.68641115,0.000001,0
88.2,39.9,35.32596491,1.684210526,0.000001,0
88.5,35.8,34.24020979,1.493006993,0.000001,0
87.1,36,33.51363636,1.552447552,0.000001,0
84.9,36,31.03832753,2.337979094,0.000001,0
75.6,35.2,34.92404181,2.003484321,0.000001,0
70.2,36.9,33.41301775,2.73964497,0.000001,0
73.8,26.2,30.06561404,1.638596491,0.000001,0
70.9,33.1,28.47578947,2.042105263,0.000001,0
68.9,33.1,17.82650602,1.156626506,0.000001,0
84.9,53.2,48.25714286,2.044334975,0.000001,0
89.8,57.7,46.62508711,1.805923345,0.000001,0
91.2,61.5,44.32926829,2.403484321,0.000001,0
92.8,55,32.7261324,2.453310105,0.000001,0
97.7,59.9,37.93832753,2.359581882,0.000001,0
47.7,35.8,39.68275862,0.374384236,0.009310345,0
55.9,38.3,40.53554007,0.847038328,0.000487805,0
94.1,55.6,48.94982578,2.486759582,0.000001,0
95.5,59.9,42.3522807,1.235789474,0.000001,0
95,57.9,32.50278746,1.407665505,0.000001,0
91,55.8,42.36829268,1.516027875,0.000001,0
86.4,67.8,45.75301205,2.509638554,0.000001,0
52.3,39,39.28494624,1,0.000537634,0
70,32.2,36.75268817,0.992831541,0.000001,0
69,39,39.7173913,0.329710145,0.000001,0
64.9,32.2,37.29490909,0.261818182,0.000001,0
65,28.3,34.73835125,0.379928315,0.000607143,0
75.3,39,38.67419355,0.842293907,0.000001,0
77.4,32.2,41.03992095,2.928853755,0.000001,0
78.3,49,41.78057554,3.068345324,0.000001,0
80.1,42.1,43.40714286,1.971428571,0.003623693,0
79.4,42.4,40.92831541,1.964157706,0.000001,0
76,39,31.41464286,3.553571429,0.000001,0
71.9,32.2,31.44565217,2.130434783,0.000001,0
52.7,40.3,42.6643617,0.213297872,0.001276596,0
69.8,32.5,39.85106383,0.271985816,0.000001,0
68.7,39.4,42.68661972,0.207746479,0.000001,0
64.4,34.5,40.41095406,0.241696113,0.000001,0
65.5,30.7,37.83776224,0.205944056,0.000001,0
75.4,40.8,40.21373239,0.424647887,0.000001,0
77.7,39.9,41.71830986,0.826408451,0.000001,0
78.3,50,40.53508772,0.929824561,0.000001,0
80.2,43.7,42.75865724,0.911660777,0.000001,0
79.3,42.6,40.35602837,0.873758865,0.000001,0
75.7,36.3,30.16,1.387017544,0.000001,0
72,51.6,28.86914894,0.396808511,0.000001,0
91.8,74.3,56.85221675,6.093596059,0.000001,0
94.5,72.7,57.09298246,5.235087719,0.000001,0
96.3,73.6,57.62473868,5.585365854,0.000001,0
99.7,75.2,57.9027972,5.20979021,0.000001,0
99.5,81.1,53.19684211,5.677192982,0.000385965,0
99.5,79.2,54.98216783,4.024475524,0.000001,0
99.9,77.4,54.78732394,3.823943662,0.000001,0
98.1,76.6,52.79303136,3.797909408,0.000001,0
98.4,77.9,55.44491228,3.673684211,0.000001,0
95.7,75,54.55352113,3.11971831,0.000001,0
97.3,77.9,54.39895105,3.167832168,0.000001,0
94.5,80.8,54.0597561,3.536585366,0.000607143,0
85.8,53.1,48.6761194,0.47761194,0.000001,0
85.8,57,53.08,0.494736842,0.000001,0
88.3,56,51.66526316,0.347368421,0.000001,0
84.9,61.8,58.05894737,0.726315789,0.003623693,0
